no,vul_id,cve_id,cwe_id,cwe_name,owasp_id,repo_slug,human_patch,build_system,compliance_level,failing_tests,compile_cmd,test_all_cmd,test_cmd,cmd_options,failing_module,src,test,src_classes,test_classes
1,VUL4J-1,CVE-2017-18349,CWE-20,Improper Input Validation,CWE Top 25,alibaba/fastjson,https://github.com/alibaba/fastjson/commit/f5903fa56497c00ed0703ac875b511f9bd5f1d8e,Maven,8,com.alibaba.json.bvt.bug.Issue1005#test_for_issue,mvn -DskipTests clean install,mvn test,mvn test -Dtest=com.alibaba.json.bvt.bug.Issue1005#test_for_issue,-Dhttps.protocols=TLSv1.2 -Denforcer.skip=true -Dcheckstyle.skip=true -Dcobertura.skip=true -DskipITs=true -Drat.skip=true -Dlicense.skip=true -Dpmd.skip=true -Dfindbugs.skip=true -Dgpg.skip=true -Dskip.npm=true -Dskip.gulp=true -Dskip.bower=true -Danimal.sniffer.skip=true -V -B,root,src/main/java,src/test/java,target/classes,target/test-classes
2,VUL4J-2,CVE-2017-5662,CWE-611,Improper Restriction of XML External Entity Reference,A4,apache/batik,https://github.com/apache/xmlgraphics-batik/commit/660ef628d637af636ea113243fe73f170ac43958,Maven,8,org.apache.batik.dom.util.TestCVE_2017_5662#testCVE_2017_5662,mvn -DskipTests clean install,mvn test -pl batik-dom,mvn test -pl batik-dom -Dtest=org.apache.batik.dom.util.TestCVE_2017_5662,-Dhttps.protocols=TLSv1.2 -Denforcer.skip=true -Dcheckstyle.skip=true -Dcobertura.skip=true -DskipITs=true -Drat.skip=true -Dlicense.skip=true -Dpmd.skip=true -Dfindbugs.skip=true -Dgpg.skip=true -Dskip.npm=true -Dskip.gulp=true -Dskip.bower=true -Danimal.sniffer.skip=true -V -B,batik-dom,src/main/java,src/test/java,target/classes,target/test-classes
3,VUL4J-3,CVE-2015-0263,Not Mapping,Not Mapping,none,apache/camel,https://github.com/apache/camel/commit/7d19340bcdb42f7aae584d9c5003ac4f7ddaee36,Maven,8,org.apache.camel.component.xslt.XsltDTDTest#testSendingStringMessage,mvn -DskipTests clean install,mvn test -pl camel-core,mvn test -pl camel-core -Dtest=org.apache.camel.component.xslt.XsltDTDTest,-Dhttps.protocols=TLSv1.2 -Denforcer.skip=true -Dcheckstyle.skip=true -Dcobertura.skip=true -DskipITs=true -Drat.skip=true -Dlicense.skip=true -Dpmd.skip=true -Dfindbugs.skip=true -Dgpg.skip=true -Dskip.npm=true -Dskip.gulp=true -Dskip.bower=true -Danimal.sniffer.skip=true -V -B,camel-core,src/main/java,src/test/java,target/classes,target/test-classes
4,VUL4J-4,CVE-2015-0264,Not Mapping,Not Mapping,none,apache/camel,https://github.com/apache/camel/commit/1df559649a96a1ca0368373387e542f46e4820da,Maven,8,"org.apache.camel.builder.xml.XPathFeatureTest#testXPathNoTypeConverter,org.apache.camel.builder.xml.XPathFeatureTest#testXPath,org.apache.camel.builder.xml.XPathFeatureTest#testXPathResultOnInvalidData",mvn -DskipTests clean install,mvn test -pl camel-core,mvn test -pl camel-core -Dtest=org.apache.camel.builder.xml.XPathFeatureTest,-Dhttps.protocols=TLSv1.2 -Denforcer.skip=true -Dcheckstyle.skip=true -Dcobertura.skip=true -DskipITs=true -Drat.skip=true -Dlicense.skip=true -Dpmd.skip=true -Dfindbugs.skip=true -Dgpg.skip=true -Dskip.npm=true -Dskip.gulp=true -Dskip.bower=true -Danimal.sniffer.skip=true -V -B,camel-core,src/main/java,src/test/java,target/classes,target/test-classes
5,VUL4J-5,APACHE-COMMONS-001,Not Mapping,Not Mapping,none,apache/commons-compress,https://github.com/apache/commons-compress/commit/a080293da69f3fe3d11d5214432e1469ee195870,Maven,7,org.apache.commons.compress.archivers.examples.ExpanderTest#fileCantEscapeDoubleDotPathWithSimilarSibling,mvn -DskipTests clean install,mvn test,mvn test -Dtest=org.apache.commons.compress.archivers.examples.ExpanderTest#fileCantEscapeDoubleDotPathWithSimilarSibling,-Dhttps.protocols=TLSv1.2 -Denforcer.skip=true -Dcheckstyle.skip=true -Dcobertura.skip=true -DskipITs=true -Drat.skip=true -Dlicense.skip=true -Dpmd.skip=true -Dfindbugs.skip=true -Dgpg.skip=true -Dskip.npm=true -Dskip.gulp=true -Dskip.bower=true -Danimal.sniffer.skip=true -V -B,root,src/main/java,src/test/java,target/classes,target/test-classes
6,VUL4J-6,CVE-2018-1324,CWE-835,Loop with Unreachable Exit Condition ('Infinite Loop'),none,apache/commons-compress,https://github.com/apache/commons-compress/commit/2a2f1dc48e22a34ddb72321a4db211da91aa933b,Maven,7,org.apache.commons.compress.Test_CVE_2018_1324#testCVE_2018_1324,mvn -DskipTests clean install,mvn test,mvn test -Dtest=org.apache.commons.compress.Test_CVE_2018_1324,-Dhttps.protocols=TLSv1.2 -Denforcer.skip=true -Dcheckstyle.skip=true -Dcobertura.skip=true -DskipITs=true -Drat.skip=true -Dlicense.skip=true -Dpmd.skip=true -Dfindbugs.skip=true -Dgpg.skip=true -Dskip.npm=true -Dskip.gulp=true -Dskip.bower=true -Danimal.sniffer.skip=true -V -B,root,src/main/java,src/test/java,target/classes,target/test-classes
7,VUL4J-7,CVE-2018-11771,CWE-835,Loop with Unreachable Exit Condition ('Infinite Loop'),none,apache/commons-compress,https://github.com/apache/commons-compress/commit/a41ce6892cb0590b2e658704434ac0dbcb6834c8,Maven,7,"org.apache.commons.compress.archivers.zip.ZipArchiveInputStreamTest#singleByteReadThrowsAtEofForCorruptedStoredEntry,org.apache.commons.compress.archivers.zip.ZipArchiveInputStreamTest#multiByteReadThrowsAtEofForCorruptedStoredEntry",mvn -DskipTests clean install,mvn test,"mvn test -Dtest=org.apache.commons.compress.archivers.zip.ZipArchiveInputStreamTest#singleByteReadThrowsAtEofForCorruptedStoredEntry,org.apache.commons.compress.archivers.zip.ZipArchiveInputStreamTest#multiByteReadThrowsAtEofForCorruptedStoredEntry",-Dhttps.protocols=TLSv1.2 -Denforcer.skip=true -Dcheckstyle.skip=true -Dcobertura.skip=true -DskipITs=true -Drat.skip=true -Dlicense.skip=true -Dpmd.skip=true -Dfindbugs.skip=true -Dgpg.skip=true -Dskip.npm=true -Dskip.gulp=true -Dskip.bower=true -Danimal.sniffer.skip=true -V -B,root,src/main/java,src/test/java,target/classes,target/test-classes
8,VUL4J-8,CVE-2019-12402,CWE-835,Loop with Unreachable Exit Condition ('Infinite Loop'),none,apache/commons-compress,https://github.com/apache/commons-compress/commit/4ad5d80a6272e007f64a6ac66829ca189a8093b9,Maven,7,org.apache.commons.compress.archivers.zip.NioZipEncodingTest#partialSurrogatePair,mvn -DskipTests clean install,mvn test,mvn test -Dtest=org.apache.commons.compress.archivers.zip.NioZipEncodingTest#partialSurrogatePair,-Dhttps.protocols=TLSv1.2 -Denforcer.skip=true -Dcheckstyle.skip=true -Dcobertura.skip=true -DskipITs=true -Drat.skip=true -Dlicense.skip=true -Dpmd.skip=true -Dfindbugs.skip=true -Dgpg.skip=true -Dskip.npm=true -Dskip.gulp=true -Dskip.bower=true -Danimal.sniffer.skip=true -V -B,root,src/main/java,src/test/java,target/classes,target/test-classes
9,VUL4J-9,CVE-2020-1953,Not Mapping,Not Mapping,none,apache/commons-configuration,https://github.com/apache/commons-configuration/commit/add7375cf37fd316d4838c6c56b054fc293b4641,Maven,8,"org.apache.commons.configuration2.TestYAMLConfiguration#testObjectCreationFromStream,org.apache.commons.configuration2.TestYAMLConfiguration#testObjectCreationFromReader",mvn -DskipTests clean install,mvn test,"mvn test -Dtest=org.apache.commons.configuration2.TestYAMLConfiguration#testObjectCreationFromStream,org.apache.commons.configuration2.TestYAMLConfiguration#testObjectCreationFromReader",-Dhttps.protocols=TLSv1.2 -Denforcer.skip=true -Dcheckstyle.skip=true -Dcobertura.skip=true -DskipITs=true -Drat.skip=true -Dlicense.skip=true -Dpmd.skip=true -Dfindbugs.skip=true -Dgpg.skip=true -Dskip.npm=true -Dskip.gulp=true -Dskip.bower=true -Danimal.sniffer.skip=true -V -B,root,src/main/java,src/test/java,target/classes,target/test-classes
10,VUL4J-10,CVE-2013-2186,CWE-20,Improper Input Validation,CWE Top 25,apache/commons-fileupload,https://github.com/apache/commons-fileupload/commit/163a6061fbc077d4b6e4787d26857c2baba495d1,Maven,8,"org.apache.commons.fileupload.DiskFileItemSerializeTest#testInvalidRepositoryWithNullChar,org.apache.commons.fileupload.DiskFileItemSerializeTest#testInvalidRepository",mvn -DskipTests clean install,mvn test,"mvn test -Dtest=org.apache.commons.fileupload.DiskFileItemSerializeTest#testInvalidRepositoryWithNullChar,org.apache.commons.fileupload.DiskFileItemSerializeTest#testInvalidRepository",-Dhttps.protocols=TLSv1.2 -Denforcer.skip=true -Dcheckstyle.skip=true -Dcobertura.skip=true -DskipITs=true -Drat.skip=true -Dlicense.skip=true -Dpmd.skip=true -Dfindbugs.skip=true -Dgpg.skip=true -Dskip.npm=true -Dskip.gulp=true -Dskip.bower=true -Danimal.sniffer.skip=true -V -B,root,src/main/java,src/test/java,target/classes,target/test-classes
11,VUL4J-11,CVE-2014-0050,CWE-264,"Permissions, Privileges, and Access Controls",none,apache/commons-fileupload,https://github.com/apache/commons-fileupload/commit/c61ff05b3241cb14d989b67209e57aa71540417a,Maven,8,org.apache.commons.fileupload.MultipartStreamTest#testSmallBuffer,mvn -DskipTests clean install,mvn test,mvn test -Dtest=org.apache.commons.fileupload.MultipartStreamTest#testSmallBuffer,-Dhttps.protocols=TLSv1.2 -Denforcer.skip=true -Dcheckstyle.skip=true -Dcobertura.skip=true -DskipITs=true -Drat.skip=true -Dlicense.skip=true -Dpmd.skip=true -Dfindbugs.skip=true -Dgpg.skip=true -Dskip.npm=true -Dskip.gulp=true -Dskip.bower=true -Danimal.sniffer.skip=true -V -B,root,src/main/java,src/test/java,target/classes,target/test-classes
12,VUL4J-12,CVE-2018-17202,CWE-835,Loop with Unreachable Exit Condition ('Infinite Loop'),none,apache/commons-imaging,https://github.com/apache/commons-imaging/commit/6a79d35d6654d895d0a4b73b3a9282ec9aaeeb06,Maven,7,org.apache.commons.imaging.formats.jpeg.decoder.JpegDecoderTest#testDecodeBadFile,mvn -DskipTests clean install,mvn test,mvn test -Dtest=org.apache.commons.imaging.formats.jpeg.decoder.JpegDecoderTest#testDecodeBadFile,-Dhttps.protocols=TLSv1.2 -Denforcer.skip=true -Dcheckstyle.skip=true -Dcobertura.skip=true -DskipITs=true -Drat.skip=true -Dlicense.skip=true -Dpmd.skip=true -Dfindbugs.skip=true -Dgpg.skip=true -Dskip.npm=true -Dskip.gulp=true -Dskip.bower=true -Danimal.sniffer.skip=true -V -B,root,src/main/java,src/test/java,target/classes,target/test-classes
13,VUL4J-13,CVE-2018-17201,CWE-835,Loop with Unreachable Exit Condition ('Infinite Loop'),none,apache/commons-imaging,https://github.com/apache/commons-imaging/commit/f5574bfe285edd79207fe8c30f53cb0af06e26bb,Maven,7,org.apache.commons.imaging.formats.rgbe.RgbeReadTest#testErrorDecompressingInvalidFile,mvn -DskipTests clean install,mvn test,mvn test -Dtest=org.apache.commons.imaging.formats.rgbe.RgbeReadTest#testErrorDecompressingInvalidFile,-Dhttps.protocols=TLSv1.2 -Denforcer.skip=true -Dcheckstyle.skip=true -Dcobertura.skip=true -DskipITs=true -Drat.skip=true -Dlicense.skip=true -Dpmd.skip=true -Dfindbugs.skip=true -Dgpg.skip=true -Dskip.npm=true -Dskip.gulp=true -Dskip.bower=true -Danimal.sniffer.skip=true -V -B,root,src/main/java,src/test/java,target/classes,target/test-classes
14,VUL4J-14,CVE-2021-29425,CWE-20,Improper Input Validation,CWE Top 25,apache/commons-io,https://github.com/apache/commons-io/commit/2736b6fe0b3fa22ec8e2b4184897ecadb021fc78,Maven,7,"org.apache.commons.io.FilenameUtilsTestCase#testGetPrefixLength,org.apache.commons.io.FilenameUtilsTestCase#testNormalize",mvn -DskipTests clean install,mvn test,"mvn test -Dtest=org.apache.commons.io.FilenameUtilsTestCase#testGetPrefixLength,org.apache.commons.io.FilenameUtilsTestCase#testNormalize",-Dhttps.protocols=TLSv1.2 -Denforcer.skip=true -Dcheckstyle.skip=true -Dcobertura.skip=true -DskipITs=true -Drat.skip=true -Dlicense.skip=true -Dpmd.skip=true -Dfindbugs.skip=true -Dgpg.skip=true -Dskip.npm=true -Dskip.gulp=true -Dskip.bower=true -Danimal.sniffer.skip=true -V -B,root,src/main/java,src/test/java,target/classes,target/test-classes
15,VUL4J-15,CVE-2016-8739,CWE-611,Improper Restriction of XML External Entity Reference,A4,apache/cxf,https://github.com/apache/cxf/commit/d9e2a6e7,Maven,8,"org.apache.cxf.jaxrs.provider.atom.AtomPojoProviderTest#testReadEntryNoBuilders2,org.apache.cxf.jaxrs.provider.atom.AtomPojoProviderTest#testReadFeedWithoutBuilders2",mvn -DskipTests clean install,mvn -pl rt/rs/extensions/providers,mvn -pl rt/rs/extensions/providers -Dtest=org.apache.cxf.jaxrs.provider.atom.AtomPojoProviderTest test,-Dhttps.protocols=TLSv1.2 -Denforcer.skip=true -Dcheckstyle.skip=true -Dcobertura.skip=true -DskipITs=true -Drat.skip=true -Dlicense.skip=true -Dpmd.skip=true -Dfindbugs.skip=true -Dgpg.skip=true -Dskip.npm=true -Dskip.gulp=true -Dskip.bower=true -Danimal.sniffer.skip=true -V -B,rt/rs/extensions/providers,src/main/java,src/test/java,target/classes,target/test-classes
16,VUL4J-16,CVE-2015-5253,CWE-264,"Permissions, Privileges, and Access Controls",none,apache/cxf,https://github.com/apache/cxf/commit/845eccb6484b43ba02875c71e824db23ae4f20c0,Maven,8,org.apache.cxf.rs.security.saml.sso.CombinedValidatorTest#testWrappingAttack3,mvn -DskipTests clean install,mvn -pl rt/rs/security/sso/saml,mvn -pl rt/rs/security/sso/saml -Dtest=org.apache.cxf.rs.security.saml.sso.CombinedValidatorTest#testWrappingAttack3 test,-Dhttps.protocols=TLSv1.2 -Denforcer.skip=true -Dcheckstyle.skip=true -Dcobertura.skip=true -DskipITs=true -Drat.skip=true -Dlicense.skip=true -Dpmd.skip=true -Dfindbugs.skip=true -Dgpg.skip=true -Dskip.npm=true -Dskip.gulp=true -Dskip.bower=true -Danimal.sniffer.skip=true -V -B,rt/rs/security/sso/saml,src/main/java,src/test/java,target/classes,target/test-classes
17,VUL4J-17,HTTPCLIENT-1803,Not Mapping,Not Mapping,none,apache/httpcomponents-client,https://github.com/apache/httpcomponents-client/commit/0554271750599756d4946c0d7ba43d04b1a7b22,Maven,8,org.apache.http.client.utils.TestURIBuilder#testMalformedPath,mvn -DskipTests clean install,mvn test -pl httpclient,mvn test -pl httpclient -Dtest=org.apache.http.client.utils.TestURIBuilder#testMalformedPath,-Dhttps.protocols=TLSv1.2 -Denforcer.skip=true -Dcheckstyle.skip=true -Dcobertura.skip=true -DskipITs=true -Drat.skip=true -Dlicense.skip=true -Dpmd.skip=true -Dfindbugs.skip=true -Dgpg.skip=true -Dskip.npm=true -Dskip.gulp=true -Dskip.bower=true -Danimal.sniffer.skip=true -V -B,httpclient,src/main/java,src/test/java,target/classes,target/test-classes
18,VUL4J-18,CVE-2019-0225,CWE-22,Improper Limitation of a Pathname to a Restricted Directory ('Path Traversal'),A5,apache/jspwiki,https://github.com/apache/jspwiki/commit/88d89d6523802c044cfcb7930cba40d8eeb21da2,Maven,8,"org.apache.wiki.WikiServletTest#testNastyDoPost,org.apache.wiki.WikiServletTest#testDoGet",mvn -DskipTests clean install,mvn test -pl jspwiki-main,"mvn test -pl jspwiki-main -Dtest=org.apache.wiki.WikiServletTest#testNastyDoPost,org.apache.wiki.WikiServletTest#testDoGet",-Dhttps.protocols=TLSv1.2 -Denforcer.skip=true -Dcheckstyle.skip=true -Dcobertura.skip=true -DskipITs=true -Drat.skip=true -Dlicense.skip=true -Dpmd.skip=true -Dfindbugs.skip=true -Dgpg.skip=true -Dskip.npm=true -Dskip.gulp=true -Dskip.bower=true -Danimal.sniffer.skip=true -V -B,jspwiki-main,src/main/java,src/test/java,target/classes,target/test-classes
19,VUL4J-19,PDFBOX-3341,Not Mapping,Not Mapping,none,apache/pdfbox,https://github.com/bqcuong/vul4j/commit/c90825da4d28d7b1ae9b1484b9a010206be3dec5,Maven,8,org.apache.pdfbox.encryption.TestSymmetricKeyEncryption#testPermissions,mvn -DskipTests clean install,mvn test -pl pdfbox,mvn test -pl pdfbox -Dtest=org.apache.pdfbox.encryption.TestSymmetricKeyEncryption,-Dhttps.protocols=TLSv1.2 -Denforcer.skip=true -Dcheckstyle.skip=true -Dcobertura.skip=true -DskipITs=true -Drat.skip=true -Dlicense.skip=true -Dpmd.skip=true -Dfindbugs.skip=true -Dgpg.skip=true -Dskip.npm=true -Dskip.gulp=true -Dskip.bower=true -Danimal.sniffer.skip=true -V -B,pdfbox,src/main/java,src/test/java,target/classes,target/test-classes
20,VUL4J-20,CVE-2018-11797,Not Mapping,Not Mapping,none,apache/pdfbox,https://github.com/apache/pdfbox/commit/0e14d6a42cc965e23bb1b40f04b4c002dc173b88,Maven,8,org.apache.pdfbox.pdmodel.TestPDDocument#testCVE_2018_11797,mvn -DskipTests clean install,mvn test -pl pdfbox,mvn test -pl pdfbox -Dtest=org.apache.pdfbox.pdmodel.TestPDDocument#testCVE_2018_11797,-Dhttps.protocols=TLSv1.2 -Denforcer.skip=true -Dcheckstyle.skip=true -Dcobertura.skip=true -DskipITs=true -Drat.skip=true -Dlicense.skip=true -Dpmd.skip=true -Dfindbugs.skip=true -Dgpg.skip=true -Dskip.npm=true -Dskip.gulp=true -Dskip.bower=true -Danimal.sniffer.skip=true -V -B,pdfbox,src/main/java,src/test/java,target/classes,target/test-classes
21,VUL4J-21,CVE-2014-8152,CWE-254,7PK - Security Features,none,apache/santuario-java,https://github.com/apache/santuario-java/commit/e50488044121cf01ffbc235ca53b9562031d69c5,Maven,8,"org.apache.xml.security.test.stax.signature.SignatureVerificationTest#testEnvelopedSignatureTampered_ContentFirst,org.apache.xml.security.test.stax.signature.SignatureVerificationTest#testEnvelopedSignatureTampered_SignatureFirst",mvn -DskipTests clean install,mvn test,mvn test -Dtest=org.apache.xml.security.test.stax.signature.SignatureVerificationTest,-Dhttps.protocols=TLSv1.2 -Denforcer.skip=true -Dcheckstyle.skip=true -Dcobertura.skip=true -DskipITs=true -Drat.skip=true -Dlicense.skip=true -Dpmd.skip=true -Dfindbugs.skip=true -Dgpg.skip=true -Dskip.npm=true -Dskip.gulp=true -Dskip.bower=true -Danimal.sniffer.skip=true -V -B,root,src/main/java,src/test/java,target/classes,target/test-classes
22,VUL4J-22,CVE-2016-6802,CWE-284,Improper Access Control,A5,apache/shiro,https://github.com/apache/shiro/commit/b15ab927709ca18ea4a02538be01919a19ab65af,Maven,8,"org.apache.shiro.web.util.WebUtilsTest#testGetContextPathIncludes,org.apache.shiro.web.util.WebUtilsTest#testGetContextPath,org.apache.shiro.web.util.WebUtilsTest#testGetPathWithinApplication",mvn -DskipTests clean install,mvn test -pl web,mvn test -pl web -Dtest=org.apache.shiro.web.util.WebUtilsTest,-Dhttps.protocols=TLSv1.2 -Denforcer.skip=true -Dcheckstyle.skip=true -Dcobertura.skip=true -DskipITs=true -Drat.skip=true -Dlicense.skip=true -Dpmd.skip=true -Dfindbugs.skip=true -Dgpg.skip=true -Dskip.npm=true -Dskip.gulp=true -Dskip.bower=true -Danimal.sniffer.skip=true -V -B,web,src/main/java,src/test/groovy,target/classes,target/test-classes
23,VUL4J-23,CVE-2016-5394,CWE-79,Improper Neutralization of Input During Web Page Generation ('Cross-site Scripting'),A7,apache/sling,https://github.com/apache/sling/commit/7d2365a248943071a44d8495655186e4f14ea294,Maven,8,"org.apache.sling.xss.impl.XSSAPIImplTest#testEncodeForJSString,org.apache.sling.xss.impl.XSSAPIImplTest#testGetValidJSToken",mvn -DskipTests clean install,mvn test -pl bundles/extensions/xss,mvn test -pl bundles/extensions/xss -Dtest=org.apache.sling.xss.impl.XSSAPIImplTest,-Dhttps.protocols=TLSv1.2 -Denforcer.skip=true -Dcheckstyle.skip=true -Dcobertura.skip=true -DskipITs=true -Drat.skip=true -Dlicense.skip=true -Dpmd.skip=true -Dfindbugs.skip=true -Dgpg.skip=true -Dskip.npm=true -Dskip.gulp=true -Dskip.bower=true -Danimal.sniffer.skip=true -V -B,bundles/extensions/xss,src/main/java,src/test/java,target/classes,target/test-classes
24,VUL4J-24,CVE-2016-6798,CWE-611,Improper Restriction of XML External Entity Reference,A4,apache/sling,https://github.com/apache/sling/commit/fb2719e8299fadddae62245482de112052a0e08c,Maven,8,org.apache.sling.xss.impl.XSSAPIImplTest#testGetValidXML,mvn -DskipTests clean install,mvn test -pl bundles/extensions/xss,mvn test -pl bundles/extensions/xss -Dtest=org.apache.sling.xss.impl.XSSAPIImplTest#testGetValidXML,-Dhttps.protocols=TLSv1.2 -Denforcer.skip=true -Dcheckstyle.skip=true -Dcobertura.skip=true -DskipITs=true -Drat.skip=true -Dlicense.skip=true -Dpmd.skip=true -Dfindbugs.skip=true -Dgpg.skip=true -Dskip.npm=true -Dskip.gulp=true -Dskip.bower=true -Danimal.sniffer.skip=true -V -B,bundles/extensions/xss,src/main/java,src/test/java,target/classes,target/test-classes
25,VUL4J-25,CVE-2017-15717,CWE-79,Improper Neutralization of Input During Web Page Generation ('Cross-site Scripting'),A7,apache/sling-org-apache-sling-xss,https://github.com/apache/sling-org-apache-sling-xss/commit/ec6764d165abc4df8cffd8439761bb2228887db9,Maven,8,"org.apache.sling.xss.impl.XSSAPIImplTest#testGetValidHref,org.apache.sling.xss.impl.XSSAPIImplTest#testGetValidHrefWithoutHrefConfig",mvn -DskipTests clean install,mvn test,mvn test -Dtest=org.apache.sling.xss.impl.XSSAPIImplTest,-Dhttps.protocols=TLSv1.2 -Denforcer.skip=true -Dcheckstyle.skip=true -Dcobertura.skip=true -DskipITs=true -Drat.skip=true -Dlicense.skip=true -Dpmd.skip=true -Dfindbugs.skip=true -Dgpg.skip=true -Dskip.npm=true -Dskip.gulp=true -Dskip.bower=true -Danimal.sniffer.skip=true -V -B,root,src/main/java,src/test/java,target/classes,target/test-classes
26,VUL4J-26,CVE-2016-4465,CWE-20,Improper Input Validation,CWE Top 25,apache/struts,https://github.com/apache/struts/commit/a0fdca138feec2c2e94eb75ca1f8b76678b4d152,Maven,7,com.opensymphony.xwork2.validator.URLValidatorTest#testValidUrlWithDefaultRegex,mvn -DskipTests -DskipAssembly clean install,mvn test -pl core,mvn test -pl core -Dtest=com.opensymphony.xwork2.validator.URLValidatorTest,-Dhttps.protocols=TLSv1.2 -Denforcer.skip=true -Dcheckstyle.skip=true -Dcobertura.skip=true -DskipITs=true -Drat.skip=true -Dlicense.skip=true -Dpmd.skip=true -Dfindbugs.skip=true -Dgpg.skip=true -Dskip.npm=true -Dskip.gulp=true -Dskip.bower=true -Danimal.sniffer.skip=true -V -B,core,src/main/java,src/test/java,target/classes,target/test-classes
27,VUL4J-27,CVE-2014-0112,CWE-264,"Permissions, Privileges, and Access Controls",none,apache/struts,https://github.com/bqcuong/vul4j/compare/a2d0ecdcd3594c87265f483ecb3c202fec18937c..6315241719be167542962da436b38782ed730c62,Maven,7,com.opensymphony.xwork2.interceptor.ParametersInterceptorTest#testArrayClassPollutionBlockedByPattern,mvn -DskipTests -DskipAssembly clean install,mvn test -pl xwork-core,mvn test -pl xwork-core -Dtest=com.opensymphony.xwork2.interceptor.ParametersInterceptorTest,-Dhttps.protocols=TLSv1.2 -Denforcer.skip=true -Dcheckstyle.skip=true -Dcobertura.skip=true -DskipITs=true -Drat.skip=true -Dlicense.skip=true -Dpmd.skip=true -Dfindbugs.skip=true -Dgpg.skip=true -Dskip.npm=true -Dskip.gulp=true -Dskip.bower=true -Danimal.sniffer.skip=true -V -B,xwork-core,src/main/java,src/test/java,target/classes,target/test-classes
28,VUL4J-28,CVE-2014-0113,CWE-264,"Permissions, Privileges, and Access Controls",none,apache/struts,https://github.com/bqcuong/vul4j/compare/a2d0ecdcd3594c87265f483ecb3c202fec18937c..6315241719be167542962da436b38782ed730c62,Maven,7,org.apache.struts2.interceptor.CookieInterceptorTest#testCookiesWithClassPollution,mvn -DskipTests -DskipAssembly clean install,mvn test -pl core,mvn test -pl core -Dtest=org.apache.struts2.interceptor.CookieInterceptorTest,-Dhttps.protocols=TLSv1.2 -Denforcer.skip=true -Dcheckstyle.skip=true -Dcobertura.skip=true -DskipITs=true -Drat.skip=true -Dlicense.skip=true -Dpmd.skip=true -Dfindbugs.skip=true -Dgpg.skip=true -Dskip.npm=true -Dskip.gulp=true -Dskip.bower=true -Danimal.sniffer.skip=true -V -B,core,src/main/java,src/test/java,target/classes,target/test-classes
29,VUL4J-29,CVE-2014-0116,CWE-264,"Permissions, Privileges, and Access Controls",none,apache/struts,https://github.com/bqcuong/vul4j/commit/1a668af7f1ffccea4a3b46d8d8c1fe1c7331ff02,Maven,7,org.apache.struts2.interceptor.CookieInterceptorTest#testCookiesWithStrutsInternalsAccess,mvn -DskipTests -DskipAssembly clean install,mvn test -pl core,mvn test -pl core -Dtest=org.apache.struts2.interceptor.CookieInterceptorTest,-Dhttps.protocols=TLSv1.2 -Denforcer.skip=true -Dcheckstyle.skip=true -Dcobertura.skip=true -DskipITs=true -Drat.skip=true -Dlicense.skip=true -Dpmd.skip=true -Dfindbugs.skip=true -Dgpg.skip=true -Dskip.npm=true -Dskip.gulp=true -Dskip.bower=true -Danimal.sniffer.skip=true -V -B,xwork-core,src/main/java,src/test/java,target/classes,target/test-classes
30,VUL4J-30,CVE-2016-8738,CWE-20,Improper Input Validation,CWE Top 25,apache/struts,https://github.com/apache/struts/commit/554b9dddb0fbd1e581ef577dd62a7c22955ad0f6,Maven,7,com.opensymphony.xwork2.validator.URLValidatorTest#testValidUrl2,mvn -DskipTests -DskipAssembly clean install,mvn test -pl core,mvn test -pl core -Dtest=com.opensymphony.xwork2.validator.URLValidatorTest,-Dhttps.protocols=TLSv1.2 -Denforcer.skip=true -Dcheckstyle.skip=true -Dcobertura.skip=true -DskipITs=true -Drat.skip=true -Dlicense.skip=true -Dpmd.skip=true -Dfindbugs.skip=true -Dgpg.skip=true -Dskip.npm=true -Dskip.gulp=true -Dskip.bower=true -Danimal.sniffer.skip=true -V -B,core,src/main/java,src/test/java,target/classes,target/test-classes
31,VUL4J-31,CVE-2016-4436,Not Mapping,Not Mapping,none,apache/struts,https://github.com/apache/struts/commit/237432512df0e27013f7c7b9ab59fdce44ca34a5,Maven,7,org.apache.struts2.dispatcher.mapper.DefaultActionMapperTest#testAllowedActionNames,mvn -DskipTests -DskipAssembly clean install,mvn test -pl core,mvn test -pl core -Dtest=org.apache.struts2.dispatcher.mapper.DefaultActionMapperTest,-Dhttps.protocols=TLSv1.2 -Denforcer.skip=true -Dcheckstyle.skip=true -Dcobertura.skip=true -DskipITs=true -Drat.skip=true -Dlicense.skip=true -Dpmd.skip=true -Dfindbugs.skip=true -Dgpg.skip=true -Dskip.npm=true -Dskip.gulp=true -Dskip.bower=true -Danimal.sniffer.skip=true -V -B,core,src/main/java,src/test/java,target/classes,target/test-classes
32,VUL4J-32,CVE-2015-1831,Not Mapping,Not Mapping,none,apache/struts,https://github.com/apache/struts/commit/d832747d647df343ed07a58b1b5e540a05a4d51b,Maven,7,com.opensymphony.xwork2.security.DefaultExcludedPatternsCheckerTest#testParamWithClassInName,mvn -DskipTests -DskipAssembly clean install,mvn test -pl xwork-core,mvn test -pl xwork-core -Dtest=com.opensymphony.xwork2.security.DefaultExcludedPatternsCheckerTest test,-Dhttps.protocols=TLSv1.2 -Denforcer.skip=true -Dcheckstyle.skip=true -Dcobertura.skip=true -DskipITs=true -Drat.skip=true -Dlicense.skip=true -Dpmd.skip=true -Dfindbugs.skip=true -Dgpg.skip=true -Dskip.npm=true -Dskip.gulp=true -Dskip.bower=true -Danimal.sniffer.skip=true -V -B,xwork-core,src/main/java,src/test/java,target/classes,target/test-classes
33,VUL4J-33,CVE-2016-3081,CWE-77,Improper Neutralization of Special Elements used in a Command ('Command Injection'),A1,apache/struts,https://github.com/apache/struts/commit/f238cf4f1091be19fbcfd086b042c86a1bcaa7fc,Maven,7,com.opensymphony.xwork2.ognl.OgnlUtilTest#testBlockSequenceOfExpressions,mvn -DskipTests -DskipAssembly clean install,mvn test -pl core,mvn test -pl core -Dtest=com.opensymphony.xwork2.ognl.OgnlUtilTest,-Dhttps.protocols=TLSv1.2 -Denforcer.skip=true -Dcheckstyle.skip=true -Dcobertura.skip=true -DskipITs=true -Drat.skip=true -Dlicense.skip=true -Dpmd.skip=true -Dfindbugs.skip=true -Dgpg.skip=true -Dskip.npm=true -Dskip.gulp=true -Dskip.bower=true -Danimal.sniffer.skip=true -V -B,core,src/main/java,src/test/java,target/classes,target/test-classes
34,VUL4J-34,CVE-2016-2162,CWE-79,Improper Neutralization of Input During Web Page Generation ('Cross-site Scripting'),A7,apache/struts,https://github.com/apache/struts/commit/fc2179cf1ac9fbfb61e3430fa88b641d87253327,Maven,7,com.opensymphony.xwork2.interceptor.I18nInterceptorTest#testCVE_2016_2162,mvn -DskipTests -DskipAssembly clean install,mvn test -pl core,mvn test -pl core -Dtest=com.opensymphony.xwork2.interceptor.I18nInterceptorTest,-Dhttps.protocols=TLSv1.2 -Denforcer.skip=true -Dcheckstyle.skip=true -Dcobertura.skip=true -DskipITs=true -Drat.skip=true -Dlicense.skip=true -Dpmd.skip=true -Dfindbugs.skip=true -Dgpg.skip=true -Dskip.npm=true -Dskip.gulp=true -Dskip.bower=true -Danimal.sniffer.skip=true -V -B,core,src/main/java,src/test/java,target/classes,target/test-classes
35,VUL4J-35,CVE-2014-7809,CWE-352,Cross-Site Request Forgery (CSRF),CWE Top 25,apache/struts,https://github.com/apache/struts/commit/1f301038a751bf16e525607c3db513db835b2999,Maven,7,org.apache.struts2.util.TokenHelperTest#testCVE_2014_7809,mvn -DskipTests -DskipAssembly clean install,mvn test -pl core,mvn test -pl core -Dtest=org.apache.struts2.util.TokenHelperTest,-Dhttps.protocols=TLSv1.2 -Denforcer.skip=true -Dcheckstyle.skip=true -Dcobertura.skip=true -DskipITs=true -Drat.skip=true -Dlicense.skip=true -Dpmd.skip=true -Dfindbugs.skip=true -Dgpg.skip=true -Dskip.npm=true -Dskip.gulp=true -Dskip.bower=true -Danimal.sniffer.skip=true -V -B,core,src/main/java,src/test/java,target/classes,target/test-classes
36,VUL4J-36,CVE-2018-8017,CWE-835,Loop with Unreachable Exit Condition ('Infinite Loop'),none,apache/tika,https://github.com/apache/tika/commit/8a6a9e1344f5b10ebfa1a189dc3c30d0da2b9d4,Maven,8,org.apache.tika.parser.iptc.IptcParserTest#testCVE_2018_8017,mvn -DskipTests clean install,mvn test -pl tika-parsers,mvn test -pl tika-parsers -Dtest=org.apache.tika.parser.iptc.IptcParserTest#testCVE_2018_8017,-Dhttps.protocols=TLSv1.2 -Denforcer.skip=true -Dcheckstyle.skip=true -Dcobertura.skip=true -DskipITs=true -Drat.skip=true -Dlicense.skip=true -Dpmd.skip=true -Dfindbugs.skip=true -Dgpg.skip=true -Dskip.npm=true -Dskip.gulp=true -Dskip.bower=true -Danimal.sniffer.skip=true -V -B,tika-parsers,src/main/java,src/test/java,target/classes,target/test-classes
37,VUL4J-37,CVE-2015-8581,CWE-502,Deserialization of Untrusted Data,A8,apache/tomee,https://github.com/apache/tomee/commit/58cdbbef9c77ab2b44870f9d606593b49cde76d9,Maven,8,org.apache.openejb.core.rmi.BlacklistClassResolverTest#wildcard,mvn -DskipTests clean install,mvn test -pl container/openejb-core,mvn test -pl container/openejb-core -Dtest=org.apache.openejb.core.rmi.BlacklistClassResolverTest#wildcard,-Dhttps.protocols=TLSv1.2 -Denforcer.skip=true -Dcheckstyle.skip=true -Dcobertura.skip=true -DskipITs=true -Drat.skip=true -Dlicense.skip=true -Dpmd.skip=true -Dfindbugs.skip=true -Dgpg.skip=true -Dskip.npm=true -Dskip.gulp=true -Dskip.bower=true -Danimal.sniffer.skip=true -V -B,container/openejb-core,src/main/java,src/test/java,target/classes,target/test-classes
38,VUL4J-38,CVE-2014-4172,CWE-74,Improper Neutralization of Special Elements in Output Used by a Downstream Component ('Injection'),none,apereo/java-cas-client,https://github.com/apereo/java-cas-client/commit/ab6cbdc3daa451b4fef89c0bd0f4e6568f3aa9ef,Maven,8,org.jasig.cas.client.validation.Cas10TicketValidatorTests#urlEncodedValues,mvn -DskipTests clean install,mvn test -pl cas-client-core,mvn test -pl cas-client-core -Dtest=org.jasig.cas.client.validation.Cas10TicketValidatorTests,-Dhttps.protocols=TLSv1.2 -Denforcer.skip=true -Dcheckstyle.skip=true -Dcobertura.skip=true -DskipITs=true -Drat.skip=true -Dlicense.skip=true -Dpmd.skip=true -Dfindbugs.skip=true -Dgpg.skip=true -Dskip.npm=true -Dskip.gulp=true -Dskip.bower=true -Danimal.sniffer.skip=true -V -B,cas-client-core,src/main/java,src/test/java,target/classes,target/test-classes
39,VUL4J-39,CVE-2018-1192,CWE-200,Exposure of Sensitive Information to an Unauthorized Actor,CWE Top 25,cloudfoundry/uaa,https://github.com/cloudfoundry/uaa/commit/a61bfabbad22f646ecf1f00016b448b26a60daf,Gradle,8,org.cloudfoundry.identity.uaa.authentication.event.UserAuthenticationSuccessEventTests#get_origin_from_request,./gradlew :cloudfoundry-identity-server:compileTestJava,./gradlew :cloudfoundry-identity-server:test,./gradlew :cloudfoundry-identity-server:test --tests org.cloudfoundry.identity.uaa.authentication.event.UserAuthenticationSuccessEventTests,,server,src/main/java,src/test/java,build/classes/main,build/classes/test
40,VUL4J-40,CVE-2019-3775,CWE-287,Improper Authentication,A2,cloudfoundry/uaa,https://github.com/cloudfoundry/uaa/commit/daeedbe499453b06856556f5e9f7e80d2d1ceb03,Gradle,8,org.cloudfoundry.identity.uaa.security.ScimUserSelfUpdateAllowedTest$WithInternalUserStoreEnabled$WhenAttemptingToUpdateAFieldThatIsNotAllowedToBeUpdated$WhenUpdatingTheEmailField#isNotAllowedToUpdateField,./gradlew :cloudfoundry-identity-server:compileTestJava,./gradlew :cloudfoundry-identity-server:test,./gradlew :cloudfoundry-identity-server:test --tests org.cloudfoundry.identity.uaa.security.ScimUserSelfUpdateAllowedTest,,server,src/main/java,src/test/java,build/classes/java/main,build/classes/java/test
41,VUL4J-41,CVE-2018-1002200,CWE-22,Improper Limitation of a Pathname to a Restricted Directory ('Path Traversal'),A5,codehaus-plexus/plexus-archiver,https://github.com/codehaus-plexus/plexus-archiver/commit/58bc24e465c0842981692adbf6d75680298989de,Maven,8,org.codehaus.plexus.archiver.zip.ZipUnArchiverTest#testExtractingZipWithEntryOutsideDestDirThrowsException,mvn -DskipTests clean install,mvn test,mvn test -Dtest=org.codehaus.plexus.archiver.zip.ZipUnArchiverTest#testExtractingZipWithEntryOutsideDestDirThrowsException,-Dhttps.protocols=TLSv1.2 -Denforcer.skip=true -Dcheckstyle.skip=true -Dcobertura.skip=true -DskipITs=true -Drat.skip=true -Dlicense.skip=true -Dpmd.skip=true -Dfindbugs.skip=true -Dgpg.skip=true -Dskip.npm=true -Dskip.gulp=true -Dskip.bower=true -Danimal.sniffer.skip=true -V -B,root,src/main/java,src/test/java,target/classes,target/test-classes
42,VUL4J-42,CVE-2017-1000487,CWE-78,Improper Neutralization of Special Elements used in an OS Command ('OS Command Injection'),CWE Top 25,codehaus-plexus/plexus-utils,https://github.com/codehaus-plexus/plexus-utils/commit/b38a1b3a4352303e4312b2bb601a0d7ec6e28f41,Maven,7,"org.codehaus.plexus.util.cli.CommandlineTest#testGetShellCommandLineBash,org.codehaus.plexus.util.cli.CommandlineTest#testGetShellCommandLineBash_WithWorkingDirectory,org.codehaus.plexus.util.cli.CommandlineTest#testGetShellCommandLineNonWindows,org.codehaus.plexus.util.cli.CommandlineTest#testGetShellCommandLineBash_WithSingleQuotedArg,org.codehaus.plexus.util.cli.CommandlineTest#testPathWithShellExpansionStrings,org.codehaus.plexus.util.cli.shell.BourneShellTest#testQuoteWorkingDirectoryAndExecutable,org.codehaus.plexus.util.cli.shell.BourneShellTest#testQuoteWorkingDirectoryAndExecutable_WDPathWithSingleQuotes,org.codehaus.plexus.util.cli.shell.BourneShellTest#testQuoteWorkingDirectoryAndExecutable_WDPathWithSingleQuotes_BackslashFileSep,org.codehaus.plexus.util.cli.shell.BourneShellTest#testPreserveSingleQuotesOnArgument,org.codehaus.plexus.util.cli.shell.BourneShellTest#testEscapeSingleQuotesOnArgument,org.codehaus.plexus.util.cli.shell.BourneShellTest#testArgumentsWithsemicolon,org.codehaus.plexus.util.cli.shell.BourneShellTest#testBourneShellQuotingCharacters",mvn -DskipTests clean install,mvn test,"mvn test -Dtest=org.codehaus.plexus.util.cli.CommandlineTest,org.codehaus.plexus.util.cli.shell.BourneShellTest",-Dhttps.protocols=TLSv1.2 -Denforcer.skip=true -Dcheckstyle.skip=true -Dcobertura.skip=true -DskipITs=true -Drat.skip=true -Dlicense.skip=true -Dpmd.skip=true -Dfindbugs.skip=true -Dgpg.skip=true -Dskip.npm=true -Dskip.gulp=true -Dskip.bower=true -Danimal.sniffer.skip=true -V -B,root,src/main/java,src/test/java,target/classes,target/test-classes
43,VUL4J-43,CVE-2018-20227,CWE-22,Improper Limitation of a Pathname to a Restricted Directory ('Path Traversal'),A5,eclipse/rdf4j,https://github.com/eclipse/rdf4j/commit/df15a4d7a8f2789c043b27c9eafe1b30316cfa79,Maven,8,org.eclipse.rdf4j.common.io.ZipUtilTest#testWriteEntryPathTraversing,mvn -DskipTests clean install; mvn -pl util test-compile,mvn test -pl util,mvn test -pl util -Dtest=org.eclipse.rdf4j.common.io.ZipUtilTest#testWriteEntryPathTraversing,-Dhttps.protocols=TLSv1.2 -Denforcer.skip=true -Dcheckstyle.skip=true -Dcobertura.skip=true -DskipITs=true -Drat.skip=true -Dlicense.skip=true -Dpmd.skip=true -Dfindbugs.skip=true -Dgpg.skip=true -Dskip.npm=true -Dskip.gulp=true -Dskip.bower=true -Danimal.sniffer.skip=true -V -B,util,src/main/java,src/test/java,target/classes,target/test-classes
44,VUL4J-44,CVE-2013-5960,CWE-310,Cryptographic Issues,none,ESAPI/esapi-java-legacy,https://github.com/ESAPI/esapi-java-legacy/commit/b7cbc53f9cc967cf1a5a9463d8c6fef9ed6ef4f7,Maven,7,"org.OWASP.esapi.codecs.CodecImmunityTest#testImmuneEncode[PercentCodec %De],org.OWASP.esapi.codecs.CodecImmunityTest#testImmuneEncode[PercentCodec IMMUNE_PERCENT (%)],org.OWASP.esapi.codecs.CodecImmunityTest#testImmuneEncode[PercentCodec Full_ALPHA_AND_SPECIALS (!)],org.OWASP.esapi.codecs.CodecImmunityTest#testImmuneEncode[PercentCodec Full_ALPHA_AND_SPECIALS ($)],org.OWASP.esapi.codecs.CodecImmunityTest#testImmuneEncode[PercentCodec Full_ALPHA_AND_SPECIALS (*)],org.OWASP.esapi.codecs.CodecImmunityTest#testImmuneEncode[PercentCodec Full_ALPHA_AND_SPECIALS (+)],org.OWASP.esapi.codecs.CodecImmunityTest#testImmuneEncode[PercentCodec Full_ALPHA_AND_SPECIALS (-)],org.OWASP.esapi.codecs.CodecImmunityTest#testImmuneEncode[PercentCodec Full_ALPHA_AND_SPECIALS (.)],org.OWASP.esapi.codecs.CodecImmunityTest#testImmuneEncode[PercentCodec Full_ALPHA_AND_SPECIALS (=)],org.OWASP.esapi.codecs.CodecImmunityTest#testImmuneEncode[PercentCodec Full_ALPHA_AND_SPECIALS (?)],org.OWASP.esapi.codecs.CodecImmunityTest#testImmuneEncode[PercentCodec Full_ALPHA_AND_SPECIALS (@)],org.OWASP.esapi.codecs.CodecImmunityTest#testImmuneEncode[PercentCodec Full_ALPHA_AND_SPECIALS (^)],org.OWASP.esapi.codecs.CodecImmunityTest#testImmuneEncode[PercentCodec Full_ALPHA_AND_SPECIALS (_)],org.OWASP.esapi.codecs.CodecImmunityTest#testImmuneEncode[PercentCodec Full_ALPHA_AND_SPECIALS (|)],org.OWASP.esapi.codecs.CodecImmunityTest#testImmuneEncode[PercentCodec Full_ALPHA_AND_SPECIALS (~)]",mvn -DskipTests clean install,mvn test,mvn test -Dtest=org.OWASP.esapi.codecs.CodecImmunityTest,-Dhttps.protocols=TLSv1.2 -Denforcer.skip=true -Dcheckstyle.skip=true -Dcobertura.skip=true -DskipITs=true -Drat.skip=true -Dlicense.skip=true -Dpmd.skip=true -Dfindbugs.skip=true -Dgpg.skip=true -Dskip.npm=true -Dskip.gulp=true -Dskip.bower=true -Danimal.sniffer.skip=true -V -B,root,src/main/java,src/test/java,target/classes,target/test-classes
45,VUL4J-45,CVE-2018-1000854,CWE-74,Improper Neutralization of Special Elements in Output Used by a Downstream Component ('Injection'),none,esigate/esigate,https://github.com/esigate/esigate/commit/30cad23a8f282600c9b045e1af09f6f8a65357b1,Maven,8,org.esigate.xml.XsltRendererTest#testSecureRendering,mvn -DskipTests clean install,mvn test -pl esigate-core,mvn test -pl esigate-core -Dtest=org.esigate.xml.XsltRendererTest#testSecureRendering,-Dhttps.protocols=TLSv1.2 -Denforcer.skip=true -Dcheckstyle.skip=true -Dcobertura.skip=true -DskipITs=true -Drat.skip=true -Dlicense.skip=true -Dpmd.skip=true -Dfindbugs.skip=true -Dgpg.skip=true -Dskip.npm=true -Dskip.gulp=true -Dskip.bower=true -Danimal.sniffer.skip=true -V -B,esigate-core,src/main/java,src/test/java,target/classes,target/test-classes
46,VUL4J-46,CVE-2016-3720,Not Mapping,Not Mapping,none,FasterXML/jackson-dataformat-xml,https://github.com/FasterXML/jackson-dataformat-xml/commit/f0f19a4c924d9db9a1e2830434061c8640092cc0,Maven,7,com.fasterxml.jackson.dataformat.xml.TestCVE_2016_3720#testCVE_2016_3720,mvn -DskipTests clean install,mvn test,mvn test -Dtest=com.fasterxml.jackson.dataformat.xml.TestCVE_2016_3720,-Dhttps.protocols=TLSv1.2 -Denforcer.skip=true -Dcheckstyle.skip=true -Dcobertura.skip=true -DskipITs=true -Drat.skip=true -Dlicense.skip=true -Dpmd.skip=true -Dfindbugs.skip=true -Dgpg.skip=true -Dskip.npm=true -Dskip.gulp=true -Dskip.bower=true -Danimal.sniffer.skip=true -V -B,root,src/main/java,src/test/java,target/classes,target/test-classes
47,VUL4J-47,CVE-2016-7051,CWE-611,Improper Restriction of XML External Entity Reference,A4,FasterXML/jackson-dataformat-xml,https://github.com/FasterXML/jackson-dataformat-xml/commit/eeff2c312e9d4caa8c9f27b8f740c7529d00524a,Maven,7,com.fasterxml.jackson.dataformat.xml.SupportDTDDefaultsTest#testDTDAttempt,mvn -DskipTests clean install,mvn test,mvn test -Dtest=com.fasterxml.jackson.dataformat.xml.SupportDTDDefaultsTest#testDTDAttempt,-Dhttps.protocols=TLSv1.2 -Denforcer.skip=true -Dcheckstyle.skip=true -Dcobertura.skip=true -DskipITs=true -Drat.skip=true -Dlicense.skip=true -Dpmd.skip=true -Dfindbugs.skip=true -Dgpg.skip=true -Dskip.npm=true -Dskip.gulp=true -Dskip.bower=true -Danimal.sniffer.skip=true -V -B,root,src/main/java,src/test/java,target/classes,target/test-classes
48,VUL4J-48,CVE-2018-1000531,CWE-20,Improper Input Validation,CWE Top 25,inversoft/prime-jwt,https://github.com/inversoft/prime-jwt/commit/abb0d479389a2509f939452a6767dc424bb5e6ba,Maven,8,org.primeframework.jwt.VulnerabilityTest#test_unsecuredJWT_validation,mvn -DskipTests clean install,mvn test,mvn test -Dtest=org.primeframework.jwt.VulnerabilityTest#test_unsecuredJWT_validation,-Dhttps.protocols=TLSv1.2 -Denforcer.skip=true -Dcheckstyle.skip=true -Dcobertura.skip=true -DskipITs=true -Drat.skip=true -Dlicense.skip=true -Dpmd.skip=true -Dfindbugs.skip=true -Dgpg.skip=true -Dskip.npm=true -Dskip.gulp=true -Dskip.bower=true -Danimal.sniffer.skip=true -V -B,root,src/main/java,src/test/java,target/classes,target/test-classes
49,VUL4J-49,CVE-2018-1000125,CWE-20,Improper Input Validation,CWE Top 25,inversoft/prime-jwt,https://github.com/inversoft/prime-jwt/commit/0d94dcef0133d699f21d217e922564adbb83a227,Maven,8,org.primeframework.jwt.JWTTest#test_SingedWithoutSignature,mvn -DskipTests clean install,mvn test,mvn test -Dtest=org.primeframework.jwt.JWTTest#test_SingedWithoutSignature,-Dhttps.protocols=TLSv1.2 -Denforcer.skip=true -Dcheckstyle.skip=true -Dcobertura.skip=true -DskipITs=true -Drat.skip=true -Dlicense.skip=true -Dpmd.skip=true -Dfindbugs.skip=true -Dgpg.skip=true -Dskip.npm=true -Dskip.gulp=true -Dskip.bower=true -Danimal.sniffer.skip=true -V -B,root,src/main/java,src/test/java,target/classes,target/test-classes
50,VUL4J-50,CVE-2013-4378,CWE-79,Improper Neutralization of Input During Web Page Generation ('Cross-site Scripting'),A7,javamelody/javamelody,https://github.com/javamelody/javamelody/commit/aacbc46151ff4ac1ca34ce0899c2a6113071c66e,Maven,8,net.bull.javamelody.TestHtmlSessionInformationsReport#testCVE_2013_4378,mvn -DskipTests clean install,mvn test -pl javamelody-core,mvn test -pl javamelody-core -Dtest=net.bull.javamelody.TestHtmlSessionInformationsReport#testCVE_2013_4378,-Dhttps.protocols=TLSv1.2 -Denforcer.skip=true -Dcheckstyle.skip=true -Dcobertura.skip=true -DskipITs=true -Drat.skip=true -Dlicense.skip=true -Dpmd.skip=true -Dfindbugs.skip=true -Dgpg.skip=true -Dskip.npm=true -Dskip.gulp=true -Dskip.bower=true -Danimal.sniffer.skip=true -V -B,javamelody-core,src/main/java,src/test/java,target/classes,target/test-classes
51,VUL4J-51,CVE-2018-1000054,CWE-918,Server-Side Request Forgery (SSRF),CWE Top 25,jenkinsci/ccm-plugin,https://github.com/jenkinsci/ccm-plugin/commit/066cb43b4413b3490d822ec8b8a32072ebd213ca,Maven,8,hudson.plugins.ccm.CcmPublisherTest#testXxe,mvn -DskipTests clean install,mvn test,mvn test -Dtest=hudson.plugins.ccm.CcmPublisherTest,-Dhttps.protocols=TLSv1.2 -Denforcer.skip=true -Dcheckstyle.skip=true -Dcobertura.skip=true -DskipITs=true -Drat.skip=true -Dlicense.skip=true -Dpmd.skip=true -Dfindbugs.skip=true -Dgpg.skip=true -Dskip.npm=true -Dskip.gulp=true -Dskip.bower=true -Danimal.sniffer.skip=true -V -B,root,src/main/java,src/test/java,target/classes,target/test-classes
52,VUL4J-52,CVE-2018-1000865,CWE-269,Improper Privilege Management,CWE Top 40,jenkinsci/groovy-sandbox,https://github.com/jenkinsci/groovy-sandbox/commit/0cd7ec12b7c56cfa3167d99c5f43147ce05449d3,Maven,8,org.kohsuke.groovy.sandbox.FinalizerTest#testOverridingFinalizeForbidden,mvn -DskipTests clean install,mvn test,mvn test -Dtest=org.kohsuke.groovy.sandbox.FinalizerTest,-Dhttps.protocols=TLSv1.2 -Denforcer.skip=true -Dcheckstyle.skip=true -Dcobertura.skip=true -DskipITs=true -Drat.skip=true -Dlicense.skip=true -Dpmd.skip=true -Dfindbugs.skip=true -Dgpg.skip=true -Dskip.npm=true -Dskip.gulp=true -Dskip.bower=true -Danimal.sniffer.skip=true -V -B,root,src/main/java,src/test/java,target/classes,target/test-classes
53,VUL4J-53,CVE-2018-1999044,CWE-835,Loop with Unreachable Exit Condition ('Infinite Loop'),none,jenkinsci/jenkins,https://github.com/jenkinsci/jenkins/commit/e5046911c57e60a1d6d8aca9b21bd9093b0f3763,Maven,8,hudson.scheduler.CronTabTest#testLongMonths,mvn -DskipTests clean install,mvn test -pl core,mvn test -pl core -Dtest=hudson.scheduler.CronTabTest#testLongMonths,-Dhttps.protocols=TLSv1.2 -Denforcer.skip=true -Dcheckstyle.skip=true -Dcobertura.skip=true -DskipITs=true -Drat.skip=true -Dlicense.skip=true -Dpmd.skip=true -Dfindbugs.skip=true -Dgpg.skip=true -Dskip.npm=true -Dskip.gulp=true -Dskip.bower=true -Danimal.sniffer.skip=true -V -B,core,src/main/java,src/test/java,target/classes,target/test-classes
54,VUL4J-54,CVE-2017-1000355,CWE-502,Deserialization of Untrusted Data,A8,jenkinsci/jenkins,https://github.com/jenkinsci/jenkins/commit/701ea95a52afe53bee28f76a3f96eb0e578852e9,Maven,7,hudson.util.XStream2Test#crashXstream,mvn -DskipTests clean install,mvn test -pl core,mvn test -pl core -Dtest=hudson.util.XStream2Test#crashXstream,-Dhttps.protocols=TLSv1.2 -Denforcer.skip=true -Dcheckstyle.skip=true -Dcobertura.skip=true -DskipITs=true -Drat.skip=true -Dlicense.skip=true -Dpmd.skip=true -Dfindbugs.skip=true -Dgpg.skip=true -Dskip.npm=true -Dskip.gulp=true -Dskip.bower=true -Danimal.sniffer.skip=true -V -B,core,src/main/java,src/test/java,target/classes,target/test-classes
55,VUL4J-55,CVE-2018-1000864,CWE-835,Loop with Unreachable Exit Condition ('Infinite Loop'),none,jenkinsci/jenkins,https://github.com/jenkinsci/jenkins/commit/73afa0ca786a87f05b5433e2e38f863826fcad17,Maven,8,hudson.scheduler.CronTabTest#testCeilLongMonths,mvn -DskipTests clean install,mvn test -pl core,mvn test -pl core -Dtest=hudson.scheduler.CronTabTest#testCeilLongMonths,-Dhttps.protocols=TLSv1.2 -Denforcer.skip=true -Dcheckstyle.skip=true -Dcobertura.skip=true -DskipITs=true -Drat.skip=true -Dlicense.skip=true -Dpmd.skip=true -Dfindbugs.skip=true -Dgpg.skip=true -Dskip.npm=true -Dskip.gulp=true -Dskip.bower=true -Danimal.sniffer.skip=true -V -B,core,src/main/java,src/test/java,target/classes,target/test-classes
56,VUL4J-56,CVE-2018-1000056,CWE-918,Server-Side Request Forgery (SSRF),CWE Top 25,jenkinsci/junit-plugin,https://github.com/jenkinsci/junit-plugin/commit/15f39fc49d9f25bca872badb48e708a8bb815ea7,Maven,8,hudson.tasks.junit.JUnitResultArchiverTest#testXxe,mvn -DskipTests clean install,mvn test,mvn test -Dtest=hudson.tasks.junit.JUnitResultArchiverTest#testXxe,-Dhttps.protocols=TLSv1.2 -Denforcer.skip=true -Dcheckstyle.skip=true -Dcobertura.skip=true -DskipITs=true -Drat.skip=true -Dlicense.skip=true -Dpmd.skip=true -Dfindbugs.skip=true -Dgpg.skip=true -Dskip.npm=true -Dskip.gulp=true -Dskip.bower=true -Danimal.sniffer.skip=true -V -B,root,src/main/java,src/test/java,target/classes,target/test-classes
57,VUL4J-57,CVE-2018-1000089,CWE-532,Insertion of Sensitive Information into Log File,CWE Top 40,jenkinsci/pipeline-build-step-plugin,https://github.com/jenkinsci/pipeline-build-step-plugin/commit/3dfefdec1f7b2a4ee0ef8902afdea720b1572cb3,Maven,8,org.jenkinsci.plugins.workflow.support.steps.build.BuildTriggerStepTest#permissions,mvn -DskipTests clean install,mvn test,mvn test -Dtest=org.jenkinsci.plugins.workflow.support.steps.build.BuildTriggerStepTest#permissions,-Dhttps.protocols=TLSv1.2 -Denforcer.skip=true -Dcheckstyle.skip=true -Dcobertura.skip=true -DskipITs=true -Drat.skip=true -Dlicense.skip=true -Dpmd.skip=true -Dfindbugs.skip=true -Dgpg.skip=true -Dskip.npm=true -Dskip.gulp=true -Dskip.bower=true -Danimal.sniffer.skip=true -V -B,root,src/main/java,src/test/java,target/classes,target/test-classes
58,VUL4J-58,CVE-2018-1000111,CWE-863,Incorrect Authorization,CWE Top 40,jenkinsci/subversion-plugin,https://github.com/jenkinsci/subversion-plugin/commit/25f6afbb02a5863f363b0a2f664ac717ace743b4,Maven,8,"hudson.scm.SubversionStatusTest#canStillProvideTheCommitNotifyAction,hudson.scm.SubversionStatusTest#shouldNotBeAbleToSearchUsingDynamic,hudson.scm.SubversionStatusTest#shouldNotBeAbleToSearch",mvn -DskipTests clean install,mvn test,mvn test -Dtest=hudson.scm.SubversionStatusTest,-Dhttps.protocols=TLSv1.2 -Denforcer.skip=true -Dcheckstyle.skip=true -Dcobertura.skip=true -DskipITs=true -Drat.skip=true -Dlicense.skip=true -Dpmd.skip=true -Dfindbugs.skip=true -Dgpg.skip=true -Dskip.npm=true -Dskip.gulp=true -Dskip.bower=true -Danimal.sniffer.skip=true -V -B,root,src/main/java,src/test/java,target/classes,target/test-classes
59,VUL4J-59,CVE-2015-6748,CWE-79,Improper Neutralization of Input During Web Page Generation ('Cross-site Scripting'),A7,jhy/jsoup,https://github.com/jhy/jsoup/commit/4edb78991f8d0bf87dafde5e01ccd8922065c9b2,Maven,8,org.jsoup.parser.XmlTreeBuilderTest#testDoesHandleEOFInTag,mvn -DskipTests clean install,mvn test,mvn test -Dtest=org.jsoup.parser.XmlTreeBuilderTest#testDoesHandleEOFInTag,-Dhttps.protocols=TLSv1.2 -Denforcer.skip=true -Dcheckstyle.skip=true -Dcobertura.skip=true -DskipITs=true -Drat.skip=true -Dlicense.skip=true -Dpmd.skip=true -Dfindbugs.skip=true -Dgpg.skip=true -Dskip.npm=true -Dskip.gulp=true -Dskip.bower=true -Danimal.sniffer.skip=true -V -B,root,src/main/java,src/test/java,target/classes,target/test-classes
60,VUL4J-60,CVE-2016-10006,CWE-79,Improper Neutralization of Input During Web Page Generation ('Cross-site Scripting'),A7,nahsra/antisamy,https://github.com/nahsra/antisamy/commit/7313931dc3c0d1377b010f07faef2063dd359a36,Maven,8,org.owasp.validator.html.test.AntiSamyTest#testIssue2,mvn -DskipTests clean install,mvn test,mvn test -Dtest=org.owasp.validator.html.test.AntiSamyTest#testIssue2,-Dhttps.protocols=TLSv1.2 -Denforcer.skip=true -Dcheckstyle.skip=true -Dcobertura.skip=true -DskipITs=true -Drat.skip=true -Dlicense.skip=true -Dpmd.skip=true -Dfindbugs.skip=true -Dgpg.skip=true -Dskip.npm=true -Dskip.gulp=true -Dskip.bower=true -Danimal.sniffer.skip=true -V -B,root,src/main/java,src/test/java,target/classes,target/test-classes
61,VUL4J-61,CVE-2018-1000820,CWE-611,Improper Restriction of XML External Entity Reference,A4,neo4j-contrib/neo4j-apoc-procedures,https://github.com/neo4j-contrib/neo4j-apoc-procedures/commit/45bc09c8bd7f17283e2a7e85ce3f02cb4be4fd1a,Gradle,8,apoc.load.XmlTest#testLoadXmlPreventXXEVulnerabilityThrowsQueryExecutionException,./gradlew compileTestJava,./gradlew test,./gradlew test --tests apoc.load.XmlTest.testLoadXmlPreventXXEVulnerabilityThrowsQueryExecutionException,,root,src/main/java,src/test/java,build/classes/java/main,build/classes/java/main
62,VUL4J-62,CVE-2018-18389,CWE-287,Improper Authentication,A2,neo4j/neo4j,https://github.com/neo4j/neo4j/commit/46de5d01ae2741ffe04c36270fc62c6d490f65c9,Maven,8,org.neo4j.server.security.enterprise.auth.integration.bolt.LdapAuthIT#shouldFailLoginWrongPasswordWithLdapOnlyUsingStartTls,mvn -DskipTests clean install,mvn failsafe:integration-test,mvn test -pl enterprise/security -Dtest=org.neo4j.server.security.enterprise.auth.integration.bolt.LdapAuthIT#shouldFailLoginWrongPasswordWithLdapOnlyUsingStartTls,-Dhttps.protocols=TLSv1.2 -Denforcer.skip=true -Dcheckstyle.skip=true -Dcobertura.skip=true -DskipITs=true -Drat.skip=true -Dlicense.skip=true -Dpmd.skip=true -Dfindbugs.skip=true -Dgpg.skip=true -Dskip.npm=true -Dskip.gulp=true -Dskip.bower=true -Danimal.sniffer.skip=true -V -B,enterprise/security,src/main/java,src/test/java,target/classes,target/test-classes
63,VUL4J-63,CVE-2018-1000615,Not Mapping,Not Mapping,none,opennetworkinglab/onos,https://github.com/opennetworkinglab/onos/commit/1a783729a1d7e0cd59d59a8dd3a73cdd6ac0f30d,Maven,8,org.onosproject.ovsdb.rfc.utils.VersionUtilTest#testVersionCompare,mvn -DskipTests clean install,mvn test -pl protocols/ovsdb/rfc,mvn test -pl protocols/ovsdb/rfc -Dtest=org.onosproject.ovsdb.rfc.utils.VersionUtilTest#testVersionCompare,-Dhttps.protocols=TLSv1.2 -Denforcer.skip=true -Dcheckstyle.skip=true -Dcobertura.skip=true -DskipITs=true -Drat.skip=true -Dlicense.skip=true -Dpmd.skip=true -Dfindbugs.skip=true -Dgpg.skip=true -Dskip.npm=true -Dskip.gulp=true -Dskip.bower=true -Danimal.sniffer.skip=true -V -B,protocols/ovsdb/rfc,src/main/java,src/test/java,target/classes,target/test-classes
64,VUL4J-64,CVE-2018-20157,CWE-611,Improper Restriction of XML External Entity Reference,A4,OpenRefine/OpenRefine,https://github.com/OpenRefine/OpenRefine/commit/6a0d7d56e4ffb420316ce7849fde881344fbf881,Maven,8,com.google.refine.tests.importers.XmlImporterTests#ignoresDtds,./refine build,mvn test -pl main,mvn test -pl main -Dtest=com.google.refine.tests.importers.XmlImporterTests#ignoresDtds,-Dhttps.protocols=TLSv1.2 -Denforcer.skip=true -Dcheckstyle.skip=true -Dcobertura.skip=true -DskipITs=true -Drat.skip=true -Dlicense.skip=true -Dpmd.skip=true -Dfindbugs.skip=true -Dgpg.skip=true -Dskip.npm=true -Dskip.gulp=true -Dskip.bower=true -Danimal.sniffer.skip=true -V -B,main,src,tests/server/src,webapp/WEB-INF/classes,target/test-classes
65,VUL4J-65,CVE-2018-19859,CWE-22,Improper Limitation of a Pathname to a Restricted Directory ('Path Traversal'),A5,OpenRefine/OpenRefine,https://github.com/OpenRefine/OpenRefine/commit/e243e73e4064de87a913946bd320fbbe246da656,Maven,8,com.google.refine.tests.importing.ImportingUtilitiesTests#testZipSlip,./refine build,mvn test -pl main,mvn test -pl main -Dtest=com.google.refine.tests.importing.ImportingUtilitiesTests#testZipSlip,-Dhttps.protocols=TLSv1.2 -Denforcer.skip=true -Dcheckstyle.skip=true -Dcobertura.skip=true -DskipITs=true -Drat.skip=true -Dlicense.skip=true -Dpmd.skip=true -Dfindbugs.skip=true -Dgpg.skip=true -Dskip.npm=true -Dskip.gulp=true -Dskip.bower=true -Danimal.sniffer.skip=true -V -B,main,src,tests/server/src,webapp/WEB-INF/classes,target/test-classes
66,VUL4J-66,CVE-2020-1695,CWE-20,Improper Input Validation,CWE Top 25,resteasy/Resteasy,https://github.com/resteasy/Resteasy/commit/acf15f2a8067f7e4cf5838342cecfa0b78a174fb,Maven,8,org.jboss.resteasy.test.mediatype.MediaTypeHeaderTest#testNewLineInHeaderValueIsRejected,mvn -DskipTests clean install,cd testsuite;mvn test,cd testsuite;mvn test -Dtest=org.jboss.resteasy.test.mediatype.MediaTypeHeaderTest#testNewLineInHeaderValueIsRejected,-Dhttps.protocols=TLSv1.2 -Denforcer.skip=true -Dcheckstyle.skip=true -Dcobertura.skip=true -DskipITs=true -Drat.skip=true -Dlicense.skip=true -Dpmd.skip=true -Dfindbugs.skip=true -Dgpg.skip=true -Dskip.npm=true -Dskip.gulp=true -Dskip.bower=true -Danimal.sniffer.skip=true -V -B,testsuite/unit-tests,../../resteasy-core/src/main/java,src/test/java,../../resteasy-core/target/classes,target/test-classes
67,VUL4J-67,CVE-2018-1274,CWE-770,Allocation of Resources Without Limits or Throttling,CWE Top 40,spring-projects/spring-data-commons,https://github.com/spring-projects/spring-data-commons/commit/371f6590c509c72f8e600f3d05e110941607fba,Maven,8,org.springframework.data.mapping.PropertyPathUnitTests#rejectsTooLongPath,mvn -DskipTests clean install,mvn test,mvn test -Dtest=org.springframework.data.mapping.PropertyPathUnitTests#rejectsTooLongPath,-Dhttps.protocols=TLSv1.2 -Denforcer.skip=true -Dcheckstyle.skip=true -Dcobertura.skip=true -DskipITs=true -Drat.skip=true -Dlicense.skip=true -Dpmd.skip=true -Dfindbugs.skip=true -Dgpg.skip=true -Dskip.npm=true -Dskip.gulp=true -Dskip.bower=true -Danimal.sniffer.skip=true -V -B,root,src/main/java,src/test/java,target/classes,target/test-classes
68,VUL4J-68,CVE-2017-8046,CWE-20,Improper Input Validation,CWE Top 25,spring-projects/spring-data-rest,https://github.com/spring-projects/spring-data-rest/commit/8f269e28fe8038a6c60f31a1c36cfda04795ab45,Maven,8,org.springframework.data.rest.webmvc.json.patch.JsonPatchTests#rejectsInvalidPaths,mvn -DskipTests clean install,mvn test -pl spring-data-rest-webmvc,mvn test -pl spring-data-rest-webmvc -Dtest=org.springframework.data.rest.webmvc.json.patch.JsonPatchTests#rejectsInvalidPaths,-Dhttps.protocols=TLSv1.2 -Denforcer.skip=true -Dcheckstyle.skip=true -Dcobertura.skip=true -DskipITs=true -Drat.skip=true -Dlicense.skip=true -Dpmd.skip=true -Dfindbugs.skip=true -Dgpg.skip=true -Dskip.npm=true -Dskip.gulp=true -Dskip.bower=true -Danimal.sniffer.skip=true -V -B,spring-data-rest-webmvc,src/main/java,src/test/java,target/classes,target/test-classes
69,VUL4J-69,CVE-2016-9878,CWE-22,Improper Limitation of a Pathname to a Restricted Directory ('Path Traversal'),A5,spring-projects/spring-framework,https://github.com/spring-projects/spring-framework/commit/e2d6e709c3c65a4951eb096843ee75d5200cfcad,Gradle,8,"org.springframework.web.servlet.ResourceServletTests#example1,org.springframework.web.servlet.ResourceServletTests#example2,org.springframework.web.servlet.ResourceServletTests#example3",./gradlew :spring-webmvc:compileTestJava,./gradlew :spring-webmvc:test,./gradlew :spring-webmvc:test --tests org.springframework.web.servlet.ResourceServletTests,,spring-webmvc,src/main/java,src/test/java,build/classes/main,build/classes/test
70,VUL4J-70,CVE-2018-15756,Not Mapping,Not Mapping,none,spring-projects/spring-framework,https://github.com/spring-projects/spring-framework/commit/423aa28ed584b4ff6e5bad218c09beef5e91951,Gradle,8,"org.springframework.http.HttpRangeTests#parseRangesValidations,org.springframework.http.HttpRangeTests#toResourceRegionsValidations",./gradlew :spring-web:compileTestJava,./gradlew :spring-web:test,./gradlew :spring-web:test --tests org.springframework.http.HttpRangeTests,,spring-web,src/main/java,src/test/java,build/classes/java/main,build/classes/java/test
71,VUL4J-71,CVE-2018-1272,Not Mapping,Not Mapping,none,spring-projects/spring-framework,https://github.com/spring-projects/spring-framework/commit/e02ff3a0da50744b0980d5d665fd242eedea767,Gradle,8,org.springframework.util.MimeTypeTests#testCVE_2018_1272,./gradlew :spring-core:compileTestJava,./gradlew :spring-core:test,./gradlew :spring-core:test --tests org.springframework.util.MimeTypeTests.testCVE_2018_1272,,spring-core,src/main/java,src/test/java,build/classes/main,build/classes/test
72,VUL4J-72,CVE-2018-15801,CWE-345,Insufficient Verification of Data Authenticity,none,spring-projects/spring-security,https://github.com/spring-projects/spring-security/commit/c70b65c5df0e170a2d34d812b83db0b7bc71ea25,Gradle,8,org.springframework.security.oauth2.jwt.JwtIssuerValidatorTests#testCVE_2018_15801,./gradlew :spring-security-oauth2-jose:compileTestJava,./gradlew :spring-security-oauth2-jose:test,./gradlew :spring-security-oauth2-jose:test --tests org.springframework.security.oauth2.jwt.JwtIssuerValidatorTests.testCVE_2018_15801,,oauth2/oauth2-jose,src/main/java,src/test/java,build/classes/java/main,build/classes/java/test
73,VUL4J-73,CVE-2019-11272,CWE-522,Insufficiently Protected Credentials,A2,spring-projects/spring-security,https://github.com/spring-projects/spring-security/commit/b2d4fec3617c497c5a8eb9c7e5270e0c7db293ee,Gradle,8,org.springframework.security.authentication.encoding.PlaintextPasswordEncoderTests#testNull,./gradlew :spring-security-core:compileTestJava,./gradlew :spring-security-core:test,./gradlew :spring-security-core:test --tests org.springframework.security.authentication.encoding.PlaintextPasswordEncoderTests.testNull,,core,src/main/java,src/test/java,build/classes/main,build/classes/test
74,VUL4J-74,CVE-2019-3795,CWE-332,Insufficient Entropy in PRNG,none,spring-projects/spring-security,https://github.com/spring-projects/spring-security/commit/1304c958bf9c38940082f3ad1558d413ed82f2b,Gradle,8,org.springframework.security.core.token.SecureRandomFactoryBeanTests#testCreatesUsingSeed,./gradlew :spring-security-core:compileTestJava,./gradlew :spring-security-core:test,./gradlew :spring-security-core:test --tests org.springframework.security.core.token.SecureRandomFactoryBeanTests.testCreatesUsingSeed,,core,src/main/java,src/test/java,build/classes/java/main,build/classes/java/test
75,VUL4J-75,CVE-2016-4977,CWE-19,Data Processing Errors,none,spring-projects/spring-security-oauth,https://github.com/spring-projects/spring-security-oauth/commit/fff77d3fea477b566bcacfbfc95f85821a2bdc2d,Maven,7,"org.springframework.security.oauth2.provider.endpoint.SpelViewTests#nonRecursive,org.springframework.security.oauth2.provider.endpoint.SpelViewTests#recursive",mvn -DskipTests clean install,mvn test -pl spring-security-oauth2,mvn test -pl spring-security-oauth2 -Dtest=org.springframework.security.oauth2.provider.endpoint.SpelViewTests,-Dhttps.protocols=TLSv1.2 -Denforcer.skip=true -Dcheckstyle.skip=true -Dcobertura.skip=true -DskipITs=true -Drat.skip=true -Dlicense.skip=true -Dpmd.skip=true -Dfindbugs.skip=true -Dgpg.skip=true -Dskip.npm=true -Dskip.gulp=true -Dskip.bower=true -Danimal.sniffer.skip=true -V -B,spring-security-oauth2,src/main/java,src/test/java,target/classes,target/test-classes
76,VUL4J-76,CVE-2018-1000850,CWE-22,Improper Limitation of a Pathname to a Restricted Directory ('Path Traversal'),A5,square/retrofit,https://github.com/square/retrofit/commit/b9a7f6ad72073ddd40254c0058710e87a073047d,Maven,8,"retrofit2.RequestFactoryTest#pathParametersAndPathTraversal,retrofit2.RequestFactoryTest#encodedPathParametersAndPathTraversal,retrofit2.RequestFactoryTest#dotDotsOkayWhenNotFullPathSegment",mvn -DskipTests clean install,mvn test -pl retrofit,mvn test -pl retrofit -Dtest=retrofit2.RequestFactoryTest,-Dhttps.protocols=TLSv1.2 -Denforcer.skip=true -Dcheckstyle.skip=true -Dcobertura.skip=true -DskipITs=true -Drat.skip=true -Dlicense.skip=true -Dpmd.skip=true -Dfindbugs.skip=true -Dgpg.skip=true -Dskip.npm=true -Dskip.gulp=true -Dskip.bower=true -Danimal.sniffer.skip=true -V -B,retrofit,src/main/java,src/test/java,target/classes,target/test-classes
77,VUL4J-77,CVE-2017-1000207,CWE-502,Deserialization of Untrusted Data,A8,swagger-api/swagger-parser,https://github.com/swagger-api/swagger-parser/commit/4c6584306b40de9b2dfa9065c3a438cd918534af,Maven,8,io.swagger.parser.util.SwaggerDeserializerTest#testCVE_2017_1000207,mvn -DskipTests clean install,mvn test -pl modules/swagger-parser,"mvn -pl modules/swagger-parser -Dtest=""io.swagger.parser.util.*""",-Dhttps.protocols=TLSv1.2 -Denforcer.skip=true -Dcheckstyle.skip=true -Dcobertura.skip=true -DskipITs=true -Drat.skip=true -Dlicense.skip=true -Dpmd.skip=true -Dfindbugs.skip=true -Dgpg.skip=true -Dskip.npm=true -Dskip.gulp=true -Dskip.bower=true -Danimal.sniffer.skip=true -V -B,modules/swagger-parser,src/main/java,src/test/java,target/classes,target/test-classes
78,VUL4J-78,CVE-2019-10173,CWE-502,Deserialization of Untrusted Data,A8,x-stream/xstream,https://github.com/x-stream/xstream/commit/f38a1da3ae9491930c2067c12cd2506738b21dab,Maven,7,com.thoughtworks.acceptance.SecurityVulnerabilityTest#testCannotInjectEventHandlerWithUnconfiguredSecurityFramework,mvn -DskipTests clean install,mvn test -pl xstream,mvn test -pl xstream -Dtest=com.thoughtworks.acceptance.SecurityVulnerabilityTest,-Dhttps.protocols=TLSv1.2 -Denforcer.skip=true -Dcheckstyle.skip=true -Dcobertura.skip=true -DskipITs=true -Drat.skip=true -Dlicense.skip=true -Dpmd.skip=true -Dfindbugs.skip=true -Dgpg.skip=true -Dskip.npm=true -Dskip.gulp=true -Dskip.bower=true -Danimal.sniffer.skip=true -V -B,xstream,src/java,src/test,target/classes,target/test-classes
79,VUL4J-79,CVE-2018-1002201,CWE-22,Improper Limitation of a Pathname to a Restricted Directory ('Path Traversal'),A5,zeroturnaround/zt-zip,https://github.com/zeroturnaround/zt-zip/commit/759b72f33bc8f4d69f84f09fcb7f010ad45d6fff,Maven,8,"org.zeroturnaround.zip.DirectoryTraversalMaliciousTest#testUnwrapDoesntLeaveTarget,org.zeroturnaround.zip.DirectoryTraversalMaliciousTest#testUnpackDoesntLeaveTarget",mvn -DskipTests clean install,mvn test,mvn test -Dtest=org.zeroturnaround.zip.DirectoryTraversalMaliciousTest,-Dhttps.protocols=TLSv1.2 -Denforcer.skip=true -Dcheckstyle.skip=true -Dcobertura.skip=true -DskipITs=true -Drat.skip=true -Dlicense.skip=true -Dpmd.skip=true -Dfindbugs.skip=true -Dgpg.skip=true -Dskip.npm=true -Dskip.gulp=true -Dskip.bower=true -Danimal.sniffer.skip=true -V -B,root,src/main/java,src/test/java,target/classes,target/test-classes
