org.apache.commons.cli.OptionBuilder,298,0.632
org.apache.commons.cli.Parser,294,0.447
org.apache.commons.cli.Parser,295,0.447
org.apache.commons.cli.Parser,296,0.447
org.apache.commons.cli.Parser,300,0.447
org.apache.commons.cli.HelpFormatter,1021,0.447
org.apache.commons.cli.HelpFormatter,1023,0.447
org.apache.commons.cli.OptionBuilder,150,0.283
org.apache.commons.cli.OptionBuilder,152,0.283
org.apache.commons.cli.OptionBuilder,111,0.274
org.apache.commons.cli.OptionBuilder,113,0.274
org.apache.commons.cli.OptionBuilder,225,0.254
org.apache.commons.cli.OptionBuilder,227,0.254
org.apache.commons.cli.Parser,278,0.224
org.apache.commons.cli.Parser,280,0.224
org.apache.commons.cli.Parser,282,0.224
org.apache.commons.cli.Parser,286,0.224
org.apache.commons.cli.Parser,291,0.224
org.apache.commons.cli.Parser,303,0.224
org.apache.commons.cli.Parser,304,0.224
org.apache.commons.cli.Parser,169,0.224
org.apache.commons.cli.OptionBuilder,99,0.2
org.apache.commons.cli.OptionBuilder,101,0.2
org.apache.commons.cli.Parser,105,0.2
org.apache.commons.cli.Parser,261,0.2
org.apache.commons.cli.Parser,263,0.2
org.apache.commons.cli.Parser,265,0.2
org.apache.commons.cli.Parser,266,0.2
org.apache.commons.cli.Parser,272,0.2
org.apache.commons.cli.Parser,273,0.2
org.apache.commons.cli.Parser,275,0.2
org.apache.commons.cli.Parser,306,0.2
org.apache.commons.cli.Parser,307,0.2
org.apache.commons.cli.OptionBuilder,351,0.187
org.apache.commons.cli.OptionBuilder,357,0.187
org.apache.commons.cli.OptionValidator,50,0.145
org.apache.commons.cli.HelpFormatter,1005,0.141
org.apache.commons.cli.HelpFormatter,1007,0.141
org.apache.commons.cli.HelpFormatter,1008,0.141
org.apache.commons.cli.HelpFormatter,1015,0.141
org.apache.commons.cli.HelpFormatter,1017,0.141
org.apache.commons.cli.OptionBuilder,263,0.112
org.apache.commons.cli.OptionBuilder,264,0.112
org.apache.commons.cli.OptionBuilder,266,0.112
org.apache.commons.cli.OptionBuilder,81,0.111
org.apache.commons.cli.OptionBuilder,82,0.111
org.apache.commons.cli.OptionBuilder,83,0.111
org.apache.commons.cli.OptionBuilder,84,0.111
org.apache.commons.cli.OptionBuilder,85,0.111
org.apache.commons.cli.OptionBuilder,86,0.111
org.apache.commons.cli.OptionBuilder,87,0.111
org.apache.commons.cli.OptionBuilder,88,0.111
org.apache.commons.cli.OptionBuilder,89,0.111
org.apache.commons.cli.OptionBuilder,372,0.111
org.apache.commons.cli.OptionBuilder,376,0.111
org.apache.commons.cli.OptionBuilder,379,0.111
org.apache.commons.cli.OptionBuilder,380,0.111
org.apache.commons.cli.OptionBuilder,381,0.111
org.apache.commons.cli.OptionBuilder,382,0.111
org.apache.commons.cli.OptionBuilder,383,0.111
org.apache.commons.cli.OptionBuilder,384,0.111
org.apache.commons.cli.OptionBuilder,385,0.111
org.apache.commons.cli.OptionBuilder,390,0.111
org.apache.commons.cli.OptionBuilder,391,0.111
org.apache.commons.cli.OptionBuilder,394,0.111
org.apache.commons.cli.Option,231,0.111
org.apache.commons.cli.Option,232,0.111
org.apache.commons.cli.Option,251,0.111
org.apache.commons.cli.Option,252,0.111
org.apache.commons.cli.Option,392,0.111
org.apache.commons.cli.Option,393,0.111
org.apache.commons.cli.Option,262,0.109
org.apache.commons.cli.Option,263,0.109
org.apache.commons.cli.OptionBuilder,278,0.108
org.apache.commons.cli.OptionBuilder,279,0.108
org.apache.commons.cli.OptionBuilder,281,0.108
org.apache.commons.cli.Option,381,0.107
org.apache.commons.cli.Option,382,0.107
org.apache.commons.cli.Option,341,0.106
org.apache.commons.cli.Option,342,0.106
org.apache.commons.cli.OptionBuilder,250,0.105
org.apache.commons.cli.OptionBuilder,251,0.105
org.apache.commons.cli.OptionBuilder,253,0.105
org.apache.commons.cli.Option,331,0.1
org.apache.commons.cli.Option,332,0.1
org.apache.commons.cli.HelpFormatter,820,0.1
org.apache.commons.cli.HelpFormatter,822,0.1
org.apache.commons.cli.HelpFormatter,825,0.1
org.apache.commons.cli.HelpFormatter,987,0.1
org.apache.commons.cli.HelpFormatter,988,0.1
org.apache.commons.cli.HelpFormatter,993,0.1
org.apache.commons.cli.HelpFormatter,994,0.1
org.apache.commons.cli.HelpFormatter,999,0.1
org.apache.commons.cli.HelpFormatter,1001,0.1
org.apache.commons.cli.OptionBuilder,176,0.091
org.apache.commons.cli.OptionBuilder,178,0.091
org.apache.commons.cli.Option,649,0.082
org.apache.commons.cli.Option,639,0.08
org.apache.commons.cli.Option,644,0.08
org.apache.commons.cli.Option,647,0.08
org.apache.commons.cli.Options,283,0.077
org.apache.commons.cli.PosixParser,128,0.077
org.apache.commons.cli.PosixParser,134,0.077
org.apache.commons.cli.PosixParser,136,0.077
org.apache.commons.cli.PosixParser,137,0.077
org.apache.commons.cli.Options,131,0.077
org.apache.commons.cli.Options,132,0.077
org.apache.commons.cli.CommandLine,205,0.076
org.apache.commons.cli.PosixParser,119,0.076
org.apache.commons.cli.PosixParser,120,0.076
org.apache.commons.cli.PosixParser,122,0.076
org.apache.commons.cli.PosixParser,124,0.076
org.apache.commons.cli.PosixParser,142,0.076
org.apache.commons.cli.Parser,345,0.068
org.apache.commons.cli.Parser,346,0.068
org.apache.commons.cli.OptionValidator,48,0.068
org.apache.commons.cli.Options,276,0.065
org.apache.commons.cli.Options,278,0.065
org.apache.commons.cli.Options,281,0.065
org.apache.commons.cli.Util,43,0.065
org.apache.commons.cli.OptionBuilder,340,0.062
org.apache.commons.cli.CommandLine,204,0.061
org.apache.commons.cli.PosixParser,168,0.058
org.apache.commons.cli.CommandLine,199,0.057
org.apache.commons.cli.PosixParser,202,0.057
org.apache.commons.cli.PosixParser,208,0.057
org.apache.commons.cli.PosixParser,209,0.057
org.apache.commons.cli.PosixParser,232,0.055
org.apache.commons.cli.PosixParser,148,0.054
org.apache.commons.cli.PosixParser,225,0.054
org.apache.commons.cli.PosixParser,230,0.054
org.apache.commons.cli.PosixParser,235,0.054
org.apache.commons.cli.PosixParser,236,0.054
org.apache.commons.cli.CommandLine,196,0.054
org.apache.commons.cli.Option,637,0.052
org.apache.commons.cli.Option,635,0.052
org.apache.commons.cli.PosixParser,146,0.051
org.apache.commons.cli.CommandLine,194,0.051
org.apache.commons.cli.PosixParser,144,0.05
org.apache.commons.cli.CommandLine,67,0.05
org.apache.commons.cli.Parser,352,0.049
org.apache.commons.cli.Parser,358,0.049
org.apache.commons.cli.Parser,359,0.049
org.apache.commons.cli.Parser,365,0.049
org.apache.commons.cli.Util,64,0.049
org.apache.commons.cli.Util,65,0.049
org.apache.commons.cli.Util,70,0.049
org.apache.commons.cli.Parser,340,0.049
org.apache.commons.cli.Parser,343,0.049
org.apache.commons.cli.CommandLine,191,0.048
org.apache.commons.cli.CommandLine,192,0.048
org.apache.commons.cli.Option,413,0.048
org.apache.commons.cli.Option,442,0.048
org.apache.commons.cli.Option,446,0.048
org.apache.commons.cli.Option,447,0.048
org.apache.commons.cli.Option,463,0.048
org.apache.commons.cli.Option,492,0.048
org.apache.commons.cli.Option,493,0.048
org.apache.commons.cli.Option,506,0.048
org.apache.commons.cli.Option,512,0.048
org.apache.commons.cli.Option,513,0.048
org.apache.commons.cli.Option,730,0.048
org.apache.commons.cli.PosixParser,108,0.048
org.apache.commons.cli.PosixParser,111,0.048
org.apache.commons.cli.PosixParser,117,0.048
org.apache.commons.cli.PosixParser,171,0.048
org.apache.commons.cli.PosixParser,172,0.048
org.apache.commons.cli.PosixParser,184,0.048
org.apache.commons.cli.PosixParser,191,0.048
org.apache.commons.cli.Parser,338,0.047
org.apache.commons.cli.Parser,361,0.047
org.apache.commons.cli.Parser,395,0.047
org.apache.commons.cli.Option,570,0.047
org.apache.commons.cli.PosixParser,54,0.047
org.apache.commons.cli.PosixParser,55,0.047
org.apache.commons.cli.PosixParser,56,0.047
org.apache.commons.cli.PosixParser,98,0.047
org.apache.commons.cli.PosixParser,99,0.047
org.apache.commons.cli.PosixParser,102,0.047
org.apache.commons.cli.PosixParser,105,0.047
org.apache.commons.cli.PosixParser,174,0.047
org.apache.commons.cli.Option,629,0.046
org.apache.commons.cli.Util,47,0.043
org.apache.commons.cli.Options,261,0.043
org.apache.commons.cli.Parser,244,0.042
org.apache.commons.cli.Parser,322,0.042
org.apache.commons.cli.Parser,399,0.042
org.apache.commons.cli.Parser,400,0.042
org.apache.commons.cli.Parser,88,0.042
org.apache.commons.cli.CommandLine,351,0.042
org.apache.commons.cli.CommandLine,352,0.042
org.apache.commons.cli.Parser,258,0.041
org.apache.commons.cli.Util,50,0.041
org.apache.commons.cli.Parser,58,0.041
org.apache.commons.cli.Parser,210,0.041
org.apache.commons.cli.Parser,241,0.041
org.apache.commons.cli.Parser,242,0.041
org.apache.commons.cli.Parser,256,0.041
org.apache.commons.cli.Parser,318,0.041
org.apache.commons.cli.Parser,378,0.041
org.apache.commons.cli.Parser,381,0.041
org.apache.commons.cli.Parser,387,0.041
org.apache.commons.cli.Parser,390,0.041
org.apache.commons.cli.Parser,393,0.041
org.apache.commons.cli.Parser,411,0.041
org.apache.commons.cli.Parser,418,0.041
org.apache.commons.cli.Parser,429,0.041
org.apache.commons.cli.Option,685,0.041
org.apache.commons.cli.Option,686,0.041
org.apache.commons.cli.Option,687,0.041
org.apache.commons.cli.Options,257,0.041
org.apache.commons.cli.Options,259,0.041
org.apache.commons.cli.Parser,226,0.041
org.apache.commons.cli.Parser,239,0.041
org.apache.commons.cli.Options,150,0.04
org.apache.commons.cli.Options,151,0.04
org.apache.commons.cli.Parser,203,0.04
org.apache.commons.cli.Options,305,0.04
org.apache.commons.cli.Options,307,0.04
org.apache.commons.cli.Parser,188,0.04
org.apache.commons.cli.Parser,201,0.04
org.apache.commons.cli.Parser,179,0.04
org.apache.commons.cli.Parser,182,0.04
org.apache.commons.cli.Options,197,0.04
org.apache.commons.cli.Options,346,0.039
org.apache.commons.cli.Options,242,0.039
org.apache.commons.cli.Parser,47,0.039
org.apache.commons.cli.Parser,48,0.039
org.apache.commons.cli.Parser,49,0.039
org.apache.commons.cli.Parser,53,0.039
org.apache.commons.cli.Parser,149,0.039
org.apache.commons.cli.Parser,151,0.039
org.apache.commons.cli.Parser,152,0.039
org.apache.commons.cli.Parser,155,0.039
org.apache.commons.cli.Parser,161,0.039
org.apache.commons.cli.Parser,163,0.039
org.apache.commons.cli.Parser,165,0.039
org.apache.commons.cli.Parser,167,0.039
org.apache.commons.cli.Parser,172,0.039
org.apache.commons.cli.Parser,174,0.039
org.apache.commons.cli.Parser,177,0.039
org.apache.commons.cli.Options,96,0.039
org.apache.commons.cli.Option,195,0.039
org.apache.commons.cli.Option,703,0.039
org.apache.commons.cli.Option,704,0.039
org.apache.commons.cli.Util,41,0.039
org.apache.commons.cli.Util,45,0.039
org.apache.commons.cli.Util,37,0.039
org.apache.commons.cli.Option,241,0.038
org.apache.commons.cli.Option,290,0.038
org.apache.commons.cli.Options,232,0.037
org.apache.commons.cli.Options,192,0.035
org.apache.commons.cli.Options,195,0.035
org.apache.commons.cli.Options,201,0.035
org.apache.commons.cli.Options,210,0.035
org.apache.commons.cli.Options,212,0.035
org.apache.commons.cli.Option,180,0.035
org.apache.commons.cli.Option,280,0.035
org.apache.commons.cli.Option,321,0.035
org.apache.commons.cli.OptionValidator,62,0.034
org.apache.commons.cli.OptionValidator,56,0.034
org.apache.commons.cli.OptionValidator,58,0.034
org.apache.commons.cli.OptionValidator,86,0.034
org.apache.commons.cli.OptionValidator,54,0.034
org.apache.commons.cli.OptionValidator,76,0.034
org.apache.commons.cli.OptionValidator,97,0.034

