com.google.javascript.jscomp.NodeUtil,1919,0.103
com.google.javascript.jscomp.TypedScopeCreator,2012,0.103
com.google.javascript.jscomp.TypedScopeCreator,2013,0.103
com.google.javascript.jscomp.TypedScopeCreator,2014,0.103
com.google.javascript.jscomp.TypedScopeCreator,2015,0.103
com.google.javascript.jscomp.TypeInference,636,0.096
com.google.javascript.rhino.jstype.UnknownType,85,0.096
com.google.javascript.jscomp.TypeCheck,1649,0.096
com.google.javascript.jscomp.TypedScopeCreator,2008,0.095
com.google.javascript.jscomp.TypedScopeCreator,2025,0.095
com.google.javascript.jscomp.TypedScopeCreator,2038,0.095
com.google.javascript.jscomp.Scope,373,0.094
com.google.javascript.jscomp.TypeCheck,484,0.085
com.google.javascript.jscomp.TypeCheck,485,0.085
com.google.javascript.jscomp.TypedScopeCreator,578,0.082
com.google.javascript.jscomp.TypedScopeCreator,579,0.082
com.google.javascript.jscomp.NodeUtil,2040,0.077
com.google.javascript.jscomp.NodeUtil,2042,0.077
com.google.javascript.jscomp.NodeUtil,2043,0.077
com.google.javascript.jscomp.NodeUtil,3087,0.076
com.google.javascript.jscomp.TypeCheck,1293,0.067
com.google.javascript.jscomp.TypeCheck,1291,0.066
com.google.javascript.jscomp.TypeCheck,1292,0.066
com.google.javascript.jscomp.NodeUtil,3067,0.063
com.google.javascript.jscomp.TypeCheck,488,0.063
com.google.javascript.jscomp.TypeCheck,489,0.063
com.google.javascript.jscomp.LinkedFlowScope,126,0.061
com.google.javascript.jscomp.TypeInference,304,0.061
com.google.javascript.jscomp.TypeInference,305,0.061
com.google.javascript.rhino.jstype.PrototypeObjectType,559,0.058
com.google.javascript.jscomp.TypeInference,1475,0.057
com.google.javascript.jscomp.NodeUtil,3060,0.056
com.google.javascript.jscomp.NodeTraversal,555,0.055
com.google.javascript.rhino.jstype.PrototypeObjectType,558,0.054
com.google.javascript.jscomp.TypeCheck,1288,0.051
com.google.javascript.jscomp.TypeCheck,1289,0.051
com.google.javascript.jscomp.TypeCheck,1290,0.051
com.google.javascript.jscomp.TypeInference,633,0.051
com.google.javascript.jscomp.TypeInference,634,0.051
com.google.javascript.jscomp.TypeCheck,1358,0.05
com.google.javascript.jscomp.TypeCheck,1352,0.05
com.google.javascript.jscomp.TypeCheck,1353,0.05
com.google.javascript.jscomp.TypeCheck,1354,0.05
com.google.javascript.rhino.Node,2226,0.049
com.google.javascript.rhino.Node,2286,0.049
com.google.javascript.jscomp.NodeUtil,3058,0.049
com.google.javascript.jscomp.Scope,355,0.048
com.google.javascript.jscomp.parsing.IRFactory,1226,0.046
com.google.javascript.rhino.Node,1614,0.046
com.google.javascript.jscomp.TypeInference,1251,0.045
com.google.javascript.jscomp.TypeCheck,831,0.045
com.google.javascript.jscomp.TypeCheck,835,0.045
com.google.javascript.jscomp.ClosureCodingConvention,176,0.044
com.google.javascript.rhino.Node,1612,0.044
com.google.javascript.rhino.Node,1610,0.044
com.google.javascript.jscomp.ControlFlowAnalysis,923,0.044
com.google.javascript.rhino.jstype.PrototypeObjectType,136,0.043
com.google.javascript.jscomp.TypeCheck,1908,0.043
com.google.javascript.jscomp.ClosureCodingConvention,164,0.042
com.google.javascript.jscomp.ClosureCodingConvention,174,0.042
com.google.javascript.jscomp.parsing.IRFactory,1222,0.039
com.google.javascript.jscomp.TypeCheck,1461,0.039
com.google.javascript.jscomp.TypedScopeCreator,968,0.039
com.google.javascript.jscomp.TypedScopeCreator,976,0.039
com.google.javascript.rhino.jstype.PrototypeObjectType,528,0.039
com.google.javascript.jscomp.TypeInference,1244,0.038
com.google.javascript.jscomp.TypeInference,1245,0.038
com.google.javascript.rhino.jstype.PrototypeObjectType,215,0.038
com.google.javascript.jscomp.MemoizedScopeCreator,85,0.038
com.google.javascript.jscomp.NodeTraversal,626,0.038
com.google.javascript.jscomp.TypeCheck,1724,0.037
com.google.javascript.jscomp.LinkedFlowScope,131,0.037
com.google.javascript.jscomp.TypeInference,421,0.037
com.google.javascript.jscomp.TypeInference,422,0.037
com.google.javascript.jscomp.TypeInference,423,0.037
com.google.javascript.jscomp.TypeInference,424,0.037
com.google.javascript.jscomp.TypeInference,425,0.037
com.google.javascript.jscomp.FunctionTypeBuilder,861,0.036
com.google.javascript.jscomp.FunctionTypeBuilder,862,0.036
com.google.javascript.jscomp.TypedScopeCreator,1996,0.036
com.google.javascript.jscomp.TypeCheck,549,0.036
com.google.javascript.jscomp.TypeCheck,550,0.036
com.google.javascript.jscomp.TypeCheck,551,0.036
com.google.javascript.jscomp.TypeCheck,1704,0.036
com.google.javascript.jscomp.TypeCheck,1706,0.036
com.google.javascript.jscomp.TypeCheck,1707,0.036
com.google.javascript.jscomp.TypeCheck,1709,0.036
com.google.javascript.jscomp.TypeCheck,1713,0.036
com.google.javascript.jscomp.TypeCheck,1718,0.036
com.google.javascript.jscomp.TypeCheck,1720,0.036
com.google.javascript.jscomp.TypeCheck,1728,0.036
com.google.javascript.jscomp.TypeCheck,1731,0.036
com.google.javascript.jscomp.TypeInference,381,0.036
com.google.javascript.jscomp.TypeInference,382,0.036
com.google.javascript.jscomp.TypeInference,417,0.036
com.google.javascript.jscomp.TypeInference,419,0.036
com.google.javascript.jscomp.TypeInference,420,0.036
com.google.javascript.jscomp.TypeInference,430,0.036
com.google.javascript.rhino.Node,2370,0.035
com.google.javascript.jscomp.TypeInference,488,0.035
com.google.javascript.jscomp.TypeInference,489,0.035
com.google.javascript.jscomp.TypeInference,491,0.035
com.google.javascript.jscomp.ControlFlowAnalysis,658,0.035
com.google.javascript.jscomp.TypeInference,103,0.035
com.google.javascript.jscomp.TypeInference,105,0.035
com.google.javascript.jscomp.TypeInference,98,0.035
com.google.javascript.jscomp.TypeInference,99,0.035
com.google.javascript.jscomp.ControlFlowAnalysis,644,0.034
com.google.javascript.jscomp.ControlFlowAnalysis,642,0.034
com.google.javascript.jscomp.ControlFlowAnalysis,643,0.034
com.google.javascript.jscomp.ControlFlowAnalysis,662,0.034
com.google.javascript.jscomp.ControlFlowAnalysis,344,0.034
com.google.javascript.jscomp.ControlFlowAnalysis,345,0.034
com.google.javascript.jscomp.ControlFlowAnalysis,640,0.034
com.google.javascript.jscomp.ControlFlowAnalysis,641,0.034
com.google.javascript.jscomp.ControlFlowAnalysis,657,0.034
com.google.javascript.jscomp.ControlFlowAnalysis,661,0.034
com.google.javascript.jscomp.ControlFlowAnalysis,666,0.034
com.google.javascript.jscomp.Scope,285,0.034
com.google.javascript.jscomp.Scope,286,0.034
com.google.javascript.jscomp.Scope,287,0.034
com.google.javascript.jscomp.NodeTraversal,554,0.034
com.google.javascript.jscomp.TypeCheck,1615,0.033
com.google.javascript.jscomp.TypeCheck,1655,0.033
com.google.javascript.jscomp.TypeCheck,544,0.033
com.google.javascript.jscomp.TypeCheck,545,0.033
com.google.javascript.jscomp.TypeCheck,546,0.033
com.google.javascript.jscomp.TypeCheck,1604,0.033
com.google.javascript.jscomp.TypeCheck,1605,0.033
com.google.javascript.jscomp.TypeCheck,1607,0.033
com.google.javascript.jscomp.TypeInference,482,0.033
com.google.javascript.jscomp.NodeUtil,1570,0.033
com.google.javascript.jscomp.TypeInference,817,0.033
com.google.javascript.rhino.Node,2210,0.032
com.google.javascript.jscomp.ClosureCodingConvention,335,0.032
com.google.javascript.jscomp.CodingConventions,169,0.032
com.google.javascript.jscomp.CodingConventions,190,0.032
com.google.javascript.jscomp.CodingConventions,192,0.032
com.google.javascript.jscomp.CodingConventions,235,0.032
com.google.javascript.jscomp.TypeInference,281,0.032
com.google.javascript.jscomp.TypeInference,282,0.032
com.google.javascript.jscomp.ClosureCodingConvention,326,0.032
com.google.javascript.jscomp.ClosureCodingConvention,327,0.032
com.google.javascript.jscomp.ClosureCodingConvention,328,0.032
com.google.javascript.jscomp.ClosureCodingConvention,332,0.032
com.google.javascript.jscomp.ClosureCodingConvention,333,0.032
com.google.javascript.jscomp.CodingConventions,363,0.032
com.google.javascript.jscomp.CodingConventions,383,0.032
com.google.javascript.jscomp.TypedScopeCreator,506,0.032
com.google.javascript.jscomp.TypedScopeCreator,507,0.032
com.google.javascript.jscomp.TypedScopeCreator,508,0.032
com.google.javascript.jscomp.TypeInference,794,0.032
com.google.javascript.jscomp.TypeInference,796,0.032
com.google.javascript.jscomp.TypeInference,797,0.032
com.google.javascript.jscomp.TypeInference,798,0.032
com.google.javascript.jscomp.TypeInference,802,0.032
com.google.javascript.jscomp.TypeInference,806,0.032
com.google.javascript.jscomp.TypeInference,807,0.032
com.google.javascript.jscomp.TypeInference,812,0.032
com.google.javascript.jscomp.TypeInference,813,0.032
com.google.javascript.jscomp.TypeInference,814,0.032
com.google.javascript.jscomp.TypeInference,816,0.032
com.google.javascript.jscomp.TypedScopeCreator,1336,0.032
com.google.javascript.jscomp.TypedScopeCreator,1338,0.032
com.google.javascript.jscomp.TypedScopeCreator,1347,0.032
com.google.javascript.jscomp.TypedScopeCreator,1349,0.032
com.google.javascript.jscomp.TypedScopeCreator,1377,0.032
com.google.javascript.jscomp.TypedScopeCreator,1379,0.032
com.google.javascript.jscomp.TypedScopeCreator,1394,0.032
com.google.javascript.jscomp.TypedScopeCreator,1396,0.032
com.google.javascript.jscomp.TypedScopeCreator,1400,0.032
com.google.javascript.jscomp.TypedScopeCreator,1402,0.032
com.google.javascript.jscomp.TypedScopeCreator,1417,0.032
com.google.javascript.jscomp.CodingConventions,410,0.032
com.google.javascript.jscomp.TypedScopeCreator,795,0.032
com.google.javascript.jscomp.TypedScopeCreator,229,0.031
com.google.javascript.jscomp.TypedScopeCreator,1710,0.031
com.google.javascript.jscomp.TypedScopeCreator,1711,0.031
com.google.javascript.jscomp.TypedScopeCreator,1712,0.031
com.google.javascript.jscomp.TypedScopeCreator,1716,0.031
com.google.javascript.jscomp.TypedScopeCreator,1728,0.031
com.google.javascript.jscomp.parsing.JsDocTokenStream,164,0.031
com.google.javascript.jscomp.parsing.JsDocTokenStream,165,0.031
com.google.javascript.jscomp.parsing.JsDocTokenStream,166,0.031
com.google.javascript.jscomp.parsing.JsDocTokenStream,167,0.031
com.google.javascript.jscomp.TypeInference,1455,0.031
com.google.javascript.jscomp.TypeInference,1456,0.031
com.google.javascript.jscomp.TypeInference,1447,0.031
com.google.javascript.jscomp.TypeInference,1448,0.031
com.google.javascript.jscomp.TypeInference,1449,0.031
com.google.javascript.jscomp.TypeInference,1452,0.031
com.google.javascript.jscomp.InferJSDocInfo,136,0.03
com.google.javascript.jscomp.TypeInference,1190,0.03
com.google.javascript.jscomp.TypeInference,1191,0.03
com.google.javascript.jscomp.ControlFlowAnalysis,835,0.03
com.google.javascript.jscomp.TypeInference,1186,0.03
com.google.javascript.jscomp.ClosureCodingConvention,290,0.03
com.google.javascript.jscomp.CodingConventions,346,0.03
com.google.javascript.jscomp.CodingConventions,152,0.03
com.google.javascript.jscomp.ClosureCodingConvention,283,0.03
com.google.javascript.jscomp.ClosureCodingConvention,284,0.03
com.google.javascript.jscomp.ClosureCodingConvention,287,0.03
com.google.javascript.jscomp.ControlFlowAnalysis,832,0.03
com.google.javascript.jscomp.ControlFlowAnalysis,833,0.03
com.google.javascript.jscomp.ControlFlowAnalysis,834,0.03
com.google.javascript.jscomp.NodeTraversal,551,0.03
com.google.javascript.jscomp.Scope,223,0.029
com.google.javascript.jscomp.TypeInference,1459,0.029
com.google.javascript.jscomp.ClosureCodingConvention,180,0.029
com.google.javascript.jscomp.ClosureCodingConvention,152,0.029
com.google.javascript.rhino.Node,2254,0.029
com.google.javascript.jscomp.ClosureCodingConvention,96,0.028
com.google.javascript.jscomp.ClosureCodingConvention,98,0.028
com.google.javascript.jscomp.ClosureCodingConvention,100,0.028
com.google.javascript.jscomp.ClosureCodingConvention,101,0.028
com.google.javascript.jscomp.ClosureCodingConvention,102,0.028
com.google.javascript.jscomp.CodingConventions,105,0.028
com.google.javascript.jscomp.ClosureCodingConvention,162,0.028
com.google.javascript.jscomp.ClosureCodingConvention,163,0.028
com.google.javascript.jscomp.ClosureCodingConvention,173,0.028
com.google.javascript.jscomp.CodingConventions,298,0.028
com.google.javascript.jscomp.TypeValidator,406,0.027
com.google.javascript.jscomp.TypedScopeCreator,1322,0.027
com.google.javascript.jscomp.TypeCheck,1456,0.027
com.google.javascript.jscomp.TypeCheck,1450,0.027
com.google.javascript.jscomp.TypeCheck,1451,0.027
com.google.javascript.jscomp.TypeCheck,1452,0.027
com.google.javascript.jscomp.TypeCheck,1454,0.027
com.google.javascript.jscomp.TypeCheck,1455,0.027
com.google.javascript.jscomp.TypeCheck,1459,0.027
com.google.javascript.jscomp.TypeCheck,1460,0.027
com.google.javascript.jscomp.parsing.TypeSafeDispatcher,219,0.027
com.google.javascript.jscomp.parsing.IRFactory,735,0.027
com.google.javascript.jscomp.TypeCheck,322,0.027
com.google.javascript.jscomp.TypeCheck,324,0.027
com.google.javascript.jscomp.LinkedFlowScope,105,0.027
com.google.javascript.jscomp.LinkedFlowScope,106,0.027
com.google.javascript.jscomp.LinkedFlowScope,107,0.027
com.google.javascript.jscomp.LinkedFlowScope,108,0.027
com.google.javascript.jscomp.LinkedFlowScope,109,0.027
com.google.javascript.jscomp.LinkedFlowScope,371,0.027
com.google.javascript.jscomp.LinkedFlowScope,372,0.027
com.google.javascript.jscomp.LinkedFlowScope,373,0.027
com.google.javascript.jscomp.TypedScopeCreator,1277,0.027
com.google.javascript.rhino.JSDocInfo,986,0.026
com.google.javascript.jscomp.Scope,153,0.026
com.google.javascript.jscomp.TypeValidator,396,0.026
com.google.javascript.jscomp.TypeCheck,535,0.026
com.google.javascript.jscomp.TypeCheck,536,0.026
com.google.javascript.jscomp.TypeCheck,537,0.026
com.google.javascript.jscomp.TypeCheck,1443,0.026
com.google.javascript.jscomp.TypeCheck,1444,0.026
com.google.javascript.jscomp.TypeCheck,1445,0.026
com.google.javascript.jscomp.TypeCheck,1447,0.026
com.google.javascript.jscomp.TypeCheck,1449,0.026
com.google.javascript.jscomp.TypeCheck,1467,0.026
com.google.javascript.jscomp.TypeCheck,1468,0.026
com.google.javascript.jscomp.parsing.IRFactory,907,0.026
com.google.javascript.jscomp.TypeInference,602,0.026
com.google.javascript.jscomp.TypeInference,603,0.026
com.google.javascript.jscomp.TypeInference,605,0.026
com.google.javascript.rhino.jstype.SimpleSlot,58,0.025
com.google.javascript.rhino.jstype.SimpleSlot,59,0.025
com.google.javascript.rhino.jstype.SimpleSlot,60,0.025
com.google.javascript.rhino.jstype.SimpleSlot,61,0.025
com.google.javascript.rhino.jstype.SimpleSlot,62,0.025
com.google.javascript.jscomp.parsing.TypeSafeDispatcher,256,0.025
com.google.javascript.jscomp.parsing.IRFactory,905,0.025
com.google.javascript.jscomp.parsing.IRFactory,906,0.025
com.google.javascript.jscomp.parsing.IRFactory,909,0.025
com.google.javascript.jscomp.TypeInference,467,0.025
com.google.javascript.jscomp.TypeInference,468,0.025
com.google.javascript.jscomp.TypeInference,480,0.025
com.google.javascript.jscomp.TypeInference,481,0.025
com.google.javascript.jscomp.TypeInference,484,0.025
com.google.javascript.jscomp.TypeInference,487,0.025
com.google.javascript.jscomp.NodeUtil,2838,0.025
com.google.javascript.jscomp.InferJSDocInfo,143,0.025
com.google.javascript.jscomp.FunctionTypeBuilder,594,0.024
com.google.javascript.jscomp.FunctionTypeBuilder,595,0.024
com.google.javascript.jscomp.TypedScopeCreator,748,0.024
com.google.javascript.jscomp.TypedScopeCreator,749,0.024
com.google.javascript.jscomp.TypedScopeCreator,536,0.024
com.google.javascript.jscomp.TypedScopeCreator,537,0.024
com.google.javascript.jscomp.TypedScopeCreator,737,0.024
com.google.javascript.jscomp.TypedScopeCreator,738,0.024
com.google.javascript.jscomp.TypedScopeCreator,739,0.024
com.google.javascript.jscomp.TypedScopeCreator,752,0.024
com.google.javascript.jscomp.TypedScopeCreator,789,0.024
com.google.javascript.jscomp.TypedScopeCreator,792,0.024
com.google.javascript.jscomp.TypedScopeCreator,793,0.024
com.google.javascript.jscomp.TypedScopeCreator,798,0.024
com.google.javascript.jscomp.TypedScopeCreator,799,0.024
com.google.javascript.jscomp.TypeInference,386,0.024
com.google.javascript.jscomp.TypeInference,387,0.024
com.google.javascript.jscomp.FunctionTypeBuilder,270,0.024
com.google.javascript.jscomp.FunctionTypeBuilder,271,0.024
com.google.javascript.jscomp.FunctionTypeBuilder,272,0.024
com.google.javascript.jscomp.FunctionTypeBuilder,274,0.024
com.google.javascript.jscomp.FunctionTypeBuilder,280,0.024
com.google.javascript.jscomp.FunctionTypeBuilder,284,0.024
com.google.javascript.jscomp.FunctionTypeBuilder,474,0.024
com.google.javascript.rhino.jstype.FunctionParamBuilder,115,0.024
com.google.javascript.rhino.jstype.FunctionParamBuilder,116,0.024
com.google.javascript.rhino.jstype.FunctionParamBuilder,117,0.024
com.google.javascript.rhino.jstype.FunctionParamBuilder,118,0.024
com.google.javascript.jscomp.parsing.JsDocInfoParser,768,0.024
com.google.javascript.jscomp.parsing.JsDocInfoParser,770,0.024
com.google.javascript.rhino.jstype.ArrowType,138,0.024
com.google.javascript.rhino.jstype.ArrowType,143,0.024
com.google.javascript.rhino.jstype.ArrowType,150,0.024
com.google.javascript.rhino.jstype.ObjectType,138,0.023
com.google.javascript.jscomp.FunctionTypeBuilder,263,0.023
com.google.javascript.jscomp.FunctionTypeBuilder,265,0.023
com.google.javascript.jscomp.FunctionTypeBuilder,266,0.023
com.google.javascript.jscomp.FunctionTypeBuilder,267,0.023
com.google.javascript.jscomp.FunctionTypeBuilder,268,0.023
com.google.javascript.jscomp.FunctionTypeBuilder,269,0.023
com.google.javascript.jscomp.FunctionTypeBuilder,297,0.023
com.google.javascript.jscomp.FunctionTypeBuilder,301,0.023
com.google.javascript.rhino.jstype.ArrowType,126,0.023
com.google.javascript.rhino.jstype.ArrowType,127,0.023
com.google.javascript.rhino.jstype.ArrowType,128,0.023
com.google.javascript.rhino.jstype.ArrowType,129,0.023
com.google.javascript.rhino.jstype.ArrowType,132,0.023
com.google.javascript.rhino.jstype.ArrowType,149,0.023
com.google.javascript.rhino.jstype.ArrowType,152,0.023
com.google.javascript.rhino.jstype.ArrowType,157,0.023
com.google.javascript.rhino.jstype.ArrowType,161,0.023
com.google.javascript.jscomp.TypedScopeCreator,963,0.023
com.google.javascript.jscomp.FunctionTypeBuilder,252,0.023
com.google.javascript.jscomp.FunctionTypeBuilder,253,0.023
com.google.javascript.jscomp.FunctionTypeBuilder,254,0.023
com.google.javascript.jscomp.FunctionTypeBuilder,303,0.023
com.google.javascript.jscomp.FunctionTypeBuilder,437,0.023
com.google.javascript.rhino.jstype.ArrowType,117,0.023
com.google.javascript.rhino.jstype.ArrowType,118,0.023
com.google.javascript.rhino.jstype.ArrowType,119,0.023
com.google.javascript.rhino.jstype.ArrowType,120,0.023
com.google.javascript.rhino.jstype.FunctionType,274,0.023
com.google.javascript.jscomp.FunctionTypeBuilder,515,0.023
com.google.javascript.rhino.jstype.UnknownType,115,0.023
com.google.javascript.rhino.jstype.ArrowType,164,0.023
com.google.javascript.rhino.jstype.ArrowType,170,0.023
com.google.javascript.rhino.jstype.ArrowType,114,0.023
com.google.javascript.rhino.jstype.ArrowType,115,0.023
com.google.javascript.rhino.jstype.ArrowType,116,0.023
com.google.javascript.jscomp.parsing.JsDocInfoParser,755,0.023
com.google.javascript.rhino.jstype.ArrowType,81,0.023
com.google.javascript.rhino.jstype.ArrowType,85,0.023
com.google.javascript.rhino.jstype.ArrowType,91,0.023
com.google.javascript.jscomp.FunctionTypeBuilder,557,0.023
com.google.javascript.rhino.jstype.FunctionType,956,0.023
com.google.javascript.rhino.jstype.FunctionType,957,0.023
com.google.javascript.rhino.jstype.FunctionType,961,0.023
com.google.javascript.rhino.jstype.FunctionType,972,0.023
com.google.javascript.rhino.jstype.FunctionType,987,0.023
com.google.javascript.rhino.jstype.NumberType,117,0.023
com.google.javascript.rhino.jstype.UnionTypeBuilder,192,0.023
com.google.javascript.rhino.jstype.UnionTypeBuilder,188,0.023
com.google.javascript.rhino.jstype.UnionTypeBuilder,190,0.023
com.google.javascript.rhino.jstype.JSTypeRegistry,525,0.023
com.google.javascript.jscomp.Scope,216,0.023
com.google.javascript.jscomp.TypedScopeCreator,1180,0.023
com.google.javascript.jscomp.FunctionTypeBuilder,500,0.023
com.google.javascript.rhino.jstype.ObjectType,627,0.023
com.google.javascript.jscomp.FunctionTypeBuilder,668,0.023
com.google.javascript.jscomp.FunctionTypeBuilder,669,0.023
com.google.javascript.jscomp.FunctionTypeBuilder,670,0.023
com.google.javascript.jscomp.FunctionTypeBuilder,675,0.023
com.google.javascript.jscomp.FunctionTypeBuilder,676,0.023
com.google.javascript.jscomp.FunctionTypeBuilder,679,0.023
com.google.javascript.jscomp.FunctionTypeBuilder,684,0.023
com.google.javascript.rhino.jstype.FunctionType,859,0.023
com.google.javascript.rhino.jstype.FunctionType,1043,0.023
com.google.javascript.rhino.jstype.FunctionType,1049,0.023
com.google.javascript.rhino.jstype.FunctionType,1050,0.023
com.google.javascript.rhino.jstype.FunctionType,1054,0.023
com.google.javascript.rhino.jstype.FunctionType,1055,0.023
com.google.javascript.rhino.InputId,66,0.023
com.google.javascript.rhino.InputId,67,0.023
com.google.javascript.rhino.InputId,68,0.023
com.google.javascript.rhino.InputId,69,0.023
com.google.javascript.rhino.jstype.ObjectType,632,0.023
com.google.javascript.rhino.jstype.FunctionType,183,0.023
com.google.javascript.jscomp.TypeValidator,551,0.023
com.google.javascript.jscomp.TypeValidator,552,0.023
com.google.javascript.jscomp.TypeValidator,553,0.023
com.google.javascript.jscomp.TypeValidator,555,0.023
com.google.javascript.jscomp.TypeValidator,556,0.023
com.google.javascript.jscomp.TypeValidator,561,0.023
com.google.javascript.jscomp.TypeValidator,562,0.023
com.google.javascript.jscomp.TypeValidator,564,0.023
com.google.javascript.jscomp.TypeInference,403,0.023
com.google.javascript.jscomp.TypeValidator,499,0.023
com.google.javascript.jscomp.TypeValidator,500,0.023
com.google.javascript.jscomp.TypeValidator,502,0.023
com.google.javascript.jscomp.TypeValidator,506,0.023
com.google.javascript.jscomp.TypeCheck,1894,0.023
com.google.javascript.jscomp.TypeCheck,1895,0.023
com.google.javascript.jscomp.TypeCheck,1896,0.023
com.google.javascript.jscomp.TypeValidator,550,0.023
com.google.javascript.rhino.jstype.JSTypeRegistry,1513,0.023
com.google.javascript.jscomp.parsing.JsDocTokenStream,129,0.023
com.google.javascript.jscomp.Scope,548,0.023
com.google.javascript.jscomp.Scope,549,0.023
com.google.javascript.jscomp.Scope,550,0.023
com.google.javascript.jscomp.Scope,551,0.023
com.google.javascript.rhino.jstype.JSTypeRegistry,970,0.023
com.google.javascript.rhino.jstype.JSTypeRegistry,1523,0.023
com.google.javascript.jscomp.TypeValidator,524,0.023
com.google.javascript.jscomp.TypeValidator,525,0.023
com.google.javascript.jscomp.TypeValidator,526,0.023
com.google.javascript.jscomp.TypeValidator,536,0.023
com.google.javascript.jscomp.TypeValidator,541,0.023
com.google.javascript.jscomp.TypeValidator,581,0.023
com.google.javascript.jscomp.TypedScopeCreator,1130,0.023
com.google.javascript.jscomp.TypedScopeCreator,1131,0.023
com.google.javascript.jscomp.TypedScopeCreator,1133,0.023
com.google.javascript.rhino.jstype.ArrowType,302,0.023
com.google.javascript.rhino.jstype.ArrowType,303,0.023
com.google.javascript.jscomp.PrepareAst,242,0.023
com.google.javascript.rhino.jstype.JSType,377,0.023
com.google.javascript.jscomp.FunctionTypeBuilder,552,0.023
com.google.javascript.rhino.jstype.ObjectType,140,0.023
com.google.javascript.rhino.jstype.ArrowType,294,0.023
com.google.javascript.rhino.jstype.ArrowType,299,0.023
com.google.javascript.rhino.jstype.ArrowType,300,0.023
com.google.javascript.rhino.jstype.ArrowType,301,0.023
com.google.javascript.rhino.jstype.ArrowType,308,0.023
com.google.javascript.rhino.jstype.FunctionType,1211,0.023
com.google.javascript.rhino.jstype.UnknownType,161,0.023
com.google.javascript.rhino.JSDocInfo,998,0.022
com.google.javascript.rhino.JSDocInfo,491,0.022
com.google.javascript.rhino.jstype.UnionTypeBuilder,138,0.022
com.google.javascript.rhino.jstype.UnionTypeBuilder,139,0.022
com.google.javascript.rhino.jstype.UnionTypeBuilder,140,0.022
com.google.javascript.rhino.jstype.UnionTypeBuilder,141,0.022
com.google.javascript.rhino.jstype.UnionTypeBuilder,142,0.022
com.google.javascript.rhino.jstype.FunctionType,1036,0.022
com.google.javascript.jscomp.parsing.JsDocInfoParser,1594,0.022
com.google.javascript.jscomp.parsing.JsDocInfoParser,1595,0.022
com.google.javascript.jscomp.parsing.JsDocInfoParser,1596,0.022
com.google.javascript.jscomp.SyntacticScopeCreator,137,0.022
com.google.javascript.jscomp.SyntacticScopeCreator,141,0.022
com.google.javascript.jscomp.SyntacticScopeCreator,142,0.022
com.google.javascript.jscomp.SyntacticScopeCreator,146,0.022
com.google.javascript.jscomp.SyntacticScopeCreator,147,0.022
com.google.javascript.jscomp.parsing.JsDocTokenStream,132,0.022
com.google.javascript.rhino.jstype.InstanceObjectType,112,0.022
com.google.javascript.jscomp.TypeCheck,1893,0.022
com.google.javascript.jscomp.TypeCheck,1899,0.022
com.google.javascript.rhino.JSDocInfo,555,0.022
com.google.javascript.jscomp.FunctionTypeBuilder,311,0.022
com.google.javascript.jscomp.FunctionTypeBuilder,312,0.022
com.google.javascript.jscomp.TypedScopeCreator,705,0.022
com.google.javascript.jscomp.TypedScopeCreator,1272,0.022
com.google.javascript.jscomp.TypeInference,396,0.022
com.google.javascript.jscomp.TypeInference,401,0.022
com.google.javascript.jscomp.TypeInference,406,0.022
com.google.javascript.rhino.Node,1919,0.022
com.google.javascript.jscomp.parsing.JsDocInfoParser,1735,0.022
com.google.javascript.jscomp.TypedScopeCreator,543,0.022
com.google.javascript.jscomp.TypeInference,372,0.022
com.google.javascript.jscomp.TypeInference,565,0.022
com.google.javascript.jscomp.TypeInference,567,0.022
com.google.javascript.jscomp.TypeInference,568,0.022
com.google.javascript.jscomp.TypeInference,570,0.022
com.google.javascript.jscomp.parsing.IRFactory,617,0.022
com.google.javascript.jscomp.parsing.IRFactory,618,0.022
com.google.javascript.rhino.jstype.ArrowType,194,0.022
com.google.javascript.rhino.jstype.ArrowType,195,0.022
com.google.javascript.rhino.jstype.ArrowType,196,0.022
com.google.javascript.jscomp.PrepareAst,238,0.022
com.google.javascript.rhino.jstype.JSType,398,0.022
com.google.javascript.jscomp.ControlFlowAnalysis,780,0.022
com.google.javascript.rhino.jstype.ArrowType,181,0.022
com.google.javascript.rhino.jstype.ArrowType,182,0.022
com.google.javascript.rhino.jstype.ArrowType,183,0.022
com.google.javascript.rhino.jstype.ArrowType,185,0.022
com.google.javascript.jscomp.FunctionTypeBuilder,457,0.022
com.google.javascript.rhino.JSDocInfo,988,0.022
com.google.javascript.jscomp.TypedScopeCreator,924,0.022
com.google.javascript.jscomp.TypedScopeCreator,926,0.022
com.google.javascript.jscomp.FunctionTypeBuilder,377,0.022
com.google.javascript.jscomp.FunctionTypeBuilder,379,0.022
com.google.javascript.jscomp.FunctionTypeBuilder,380,0.022
com.google.javascript.jscomp.FunctionTypeBuilder,381,0.022
com.google.javascript.jscomp.FunctionTypeBuilder,382,0.022
com.google.javascript.jscomp.FunctionTypeBuilder,386,0.022
com.google.javascript.rhino.jstype.JSType,446,0.022
com.google.javascript.rhino.jstype.NoObjectType,95,0.022
com.google.javascript.rhino.JSDocInfo,974,0.022
com.google.javascript.jscomp.TypeCheck,1109,0.022
com.google.javascript.jscomp.TypeCheck,1138,0.022
com.google.javascript.jscomp.Scope,202,0.022
com.google.javascript.jscomp.TypeCheck,1216,0.022
com.google.javascript.jscomp.TypeCheck,1217,0.022
com.google.javascript.jscomp.TypeCheck,1220,0.022
com.google.javascript.jscomp.TypeCheck,1221,0.022
com.google.javascript.jscomp.InferJSDocInfo,174,0.022
com.google.javascript.jscomp.TypedScopeCreator,906,0.022
com.google.javascript.jscomp.TypedScopeCreator,961,0.022
com.google.javascript.jscomp.TypedScopeCreator,962,0.022
com.google.javascript.jscomp.TypeCheck,1085,0.022
com.google.javascript.jscomp.TypeCheck,1086,0.022
com.google.javascript.jscomp.TypeCheck,1088,0.022
com.google.javascript.jscomp.TypeCheck,1092,0.022
com.google.javascript.jscomp.TypeCheck,1093,0.022
com.google.javascript.jscomp.TypeCheck,1094,0.022
com.google.javascript.jscomp.TypeCheck,1104,0.022
com.google.javascript.jscomp.TypeCheck,1106,0.022
com.google.javascript.jscomp.TypeCheck,1107,0.022
com.google.javascript.jscomp.TypeCheck,1134,0.022
com.google.javascript.jscomp.TypeCheck,1210,0.022
com.google.javascript.rhino.jstype.PrototypeObjectType,293,0.022
com.google.javascript.jscomp.TypeCheck,1212,0.022
com.google.javascript.jscomp.InferJSDocInfo,168,0.022
com.google.javascript.jscomp.InferJSDocInfo,170,0.022
com.google.javascript.jscomp.InferJSDocInfo,172,0.022
com.google.javascript.jscomp.InferJSDocInfo,173,0.022
com.google.javascript.jscomp.InferJSDocInfo,178,0.022
com.google.javascript.jscomp.InferJSDocInfo,180,0.022
com.google.javascript.jscomp.InferJSDocInfo,181,0.022
com.google.javascript.rhino.jstype.PrototypeObjectType,280,0.022
com.google.javascript.rhino.jstype.PrototypeObjectType,281,0.022
com.google.javascript.rhino.jstype.PrototypeObjectType,291,0.022
com.google.javascript.rhino.jstype.PrototypeObjectType,292,0.022
com.google.javascript.rhino.jstype.PrototypeObjectType,296,0.022
com.google.javascript.jscomp.TypeCheck,976,0.022
com.google.javascript.jscomp.TypeCheck,1081,0.022
com.google.javascript.jscomp.TypeCheck,1201,0.022
com.google.javascript.jscomp.TypeCheck,1202,0.022
com.google.javascript.jscomp.TypeCheck,1207,0.022
com.google.javascript.jscomp.TypeCheck,1209,0.022
com.google.javascript.jscomp.FunctionTypeBuilder,600,0.022
com.google.javascript.jscomp.TypeCheck,972,0.022
com.google.javascript.jscomp.TypeCheck,973,0.022
com.google.javascript.jscomp.TypeCheck,974,0.022
com.google.javascript.jscomp.TypeCheck,975,0.022
com.google.javascript.rhino.jstype.ObjectType,673,0.022
com.google.javascript.rhino.jstype.ObjectType,674,0.022
com.google.javascript.jscomp.TypedScopeCreator,704,0.022
com.google.javascript.jscomp.TypedScopeCreator,811,0.022
com.google.javascript.jscomp.TypedScopeCreator,1555,0.022
com.google.javascript.jscomp.InferJSDocInfo,221,0.022
com.google.javascript.jscomp.TypedScopeCreator,1549,0.022
com.google.javascript.jscomp.TypedScopeCreator,1550,0.022
com.google.javascript.jscomp.parsing.JsDocInfoParser,1712,0.022
com.google.javascript.rhino.jstype.JSTypeRegistry,1499,0.022
com.google.javascript.jscomp.parsing.JsDocTokenStream,126,0.022
com.google.javascript.jscomp.FunctionTypeBuilder,712,0.022
com.google.javascript.jscomp.FunctionTypeBuilder,562,0.022
com.google.javascript.jscomp.parsing.JsDocInfoParser,2311,0.022
com.google.javascript.jscomp.TypedScopeCreator,1615,0.022
com.google.javascript.jscomp.parsing.JsDocInfoParser,2309,0.022
com.google.javascript.jscomp.parsing.JsDocInfoParser,2310,0.022
com.google.javascript.jscomp.TypeCheck,863,0.022
com.google.javascript.jscomp.TypeCheck,864,0.022
com.google.javascript.jscomp.TypeCheck,968,0.022
com.google.javascript.jscomp.TypeCheck,969,0.022
com.google.javascript.jscomp.TypeCheck,971,0.022
com.google.javascript.rhino.jstype.JSType,1083,0.022
com.google.javascript.jscomp.parsing.JsDocInfoParser,690,0.022
com.google.javascript.jscomp.parsing.JsDocInfoParser,692,0.022
com.google.javascript.jscomp.TypedScopeCreator,224,0.022
com.google.javascript.jscomp.TypedScopeCreator,225,0.022
com.google.javascript.jscomp.TypedScopeCreator,226,0.022
com.google.javascript.jscomp.TypedScopeCreator,227,0.022
com.google.javascript.jscomp.TypedScopeCreator,228,0.022
com.google.javascript.jscomp.TypedScopeCreator,233,0.022
com.google.javascript.jscomp.TypedScopeCreator,512,0.022
com.google.javascript.jscomp.TypedScopeCreator,1943,0.022
com.google.javascript.jscomp.TypedScopeCreator,1944,0.022
com.google.javascript.jscomp.TypedScopeCreator,1946,0.022
com.google.javascript.jscomp.TypedScopeCreator,1950,0.022
com.google.javascript.jscomp.FunctionTypeBuilder,556,0.022
com.google.javascript.jscomp.FunctionTypeBuilder,503,0.022
com.google.javascript.jscomp.FunctionTypeBuilder,504,0.022
com.google.javascript.jscomp.TypeCheck,899,0.022
com.google.javascript.jscomp.TypeCheck,902,0.022
com.google.javascript.jscomp.TypeCheck,904,0.022
com.google.javascript.jscomp.TypeValidator,380,0.022
com.google.javascript.rhino.jstype.FunctionType,538,0.022
com.google.javascript.jscomp.FunctionTypeBuilder,518,0.022
com.google.javascript.jscomp.FunctionTypeBuilder,519,0.022
com.google.javascript.rhino.Node,1901,0.022
com.google.javascript.rhino.jstype.FunctionType,534,0.022
com.google.javascript.rhino.jstype.FunctionType,535,0.022
com.google.javascript.rhino.jstype.FunctionType,536,0.022
com.google.javascript.rhino.jstype.FunctionType,270,0.022
com.google.javascript.jscomp.FunctionTypeBuilder,448,0.022
com.google.javascript.jscomp.FunctionTypeBuilder,449,0.022
com.google.javascript.jscomp.FunctionTypeBuilder,452,0.022
com.google.javascript.jscomp.FunctionTypeBuilder,453,0.022
com.google.javascript.jscomp.FunctionTypeBuilder,454,0.022
com.google.javascript.jscomp.FunctionTypeBuilder,456,0.022
com.google.javascript.jscomp.FunctionTypeBuilder,468,0.022
com.google.javascript.jscomp.FunctionTypeBuilder,473,0.022
com.google.javascript.jscomp.FunctionTypeBuilder,476,0.022
com.google.javascript.jscomp.FunctionTypeBuilder,499,0.022
com.google.javascript.jscomp.FunctionTypeBuilder,514,0.022
com.google.javascript.jscomp.FunctionTypeBuilder,547,0.022
com.google.javascript.jscomp.FunctionTypeBuilder,548,0.022
com.google.javascript.jscomp.FunctionTypeBuilder,573,0.022
com.google.javascript.jscomp.TypeCheck,897,0.022
com.google.javascript.jscomp.TypeCheck,898,0.022
com.google.javascript.jscomp.TypeCheck,1067,0.022
com.google.javascript.jscomp.TypeValidator,355,0.022
com.google.javascript.rhino.jstype.FunctionType,532,0.022
com.google.javascript.rhino.jstype.FunctionType,560,0.022
com.google.javascript.jscomp.TypeCheck,1061,0.022
com.google.javascript.jscomp.TypeCheck,1062,0.022
com.google.javascript.jscomp.TypeCheck,1063,0.022
com.google.javascript.rhino.JSTypeExpression,86,0.022
com.google.javascript.jscomp.FunctionTypeBuilder,351,0.022
com.google.javascript.rhino.JSDocInfo,1258,0.022
com.google.javascript.rhino.JSDocInfo,1259,0.022
com.google.javascript.rhino.JSTypeExpression,93,0.021
com.google.javascript.jscomp.InferJSDocInfo,218,0.021
com.google.javascript.jscomp.TypedScopeCreator,897,0.021
com.google.javascript.rhino.jstype.PrototypeObjectType,186,0.021
com.google.javascript.jscomp.NodeUtil,182,0.021
com.google.javascript.jscomp.ControlFlowAnalysis,352,0.021
com.google.javascript.jscomp.ControlFlowAnalysis,353,0.021
com.google.javascript.jscomp.ControlFlowAnalysis,670,0.021
com.google.javascript.jscomp.ControlFlowAnalysis,671,0.021
com.google.javascript.jscomp.ControlFlowAnalysis,672,0.021
com.google.javascript.rhino.jstype.ArrowType,227,0.021
com.google.javascript.rhino.jstype.ArrowType,228,0.021
com.google.javascript.rhino.jstype.ArrowType,229,0.021
com.google.javascript.rhino.jstype.ArrowType,231,0.021
com.google.javascript.rhino.jstype.ArrowType,232,0.021
com.google.javascript.rhino.jstype.PrototypeObjectType,275,0.021
com.google.javascript.jscomp.NodeUtil,3092,0.021
com.google.javascript.rhino.jstype.PrototypeObjectType,273,0.021
com.google.javascript.jscomp.NodeUtil,179,0.021
com.google.javascript.jscomp.InferJSDocInfo,209,0.021
com.google.javascript.jscomp.InferJSDocInfo,211,0.021
com.google.javascript.jscomp.InferJSDocInfo,212,0.021
com.google.javascript.rhino.jstype.PrototypeObjectType,271,0.021
com.google.javascript.rhino.jstype.PrototypeObjectType,272,0.021
com.google.javascript.rhino.jstype.ObjectType,669,0.021
com.google.javascript.rhino.jstype.JSType,438,0.021
com.google.javascript.rhino.jstype.FunctionType,952,0.021
com.google.javascript.jscomp.TypedScopeCreator,900,0.021
com.google.javascript.rhino.JSDocInfo,954,0.021
com.google.javascript.jscomp.TypedScopeCreator,895,0.021
com.google.javascript.jscomp.TypedScopeCreator,896,0.021
com.google.javascript.jscomp.TypedScopeCreator,899,0.021
com.google.javascript.jscomp.TypedScopeCreator,1648,0.021
com.google.javascript.jscomp.FunctionTypeBuilder,733,0.021
com.google.javascript.jscomp.TypedScopeCreator,1276,0.021
com.google.javascript.rhino.jstype.UnionType,220,0.021
com.google.javascript.rhino.jstype.UnionType,221,0.021
com.google.javascript.rhino.jstype.UnionType,222,0.021
com.google.javascript.rhino.jstype.UnionType,223,0.021
com.google.javascript.rhino.jstype.UnionType,224,0.021
com.google.javascript.rhino.JSDocInfo,951,0.021
com.google.javascript.jscomp.TypedScopeCreator,810,0.021
com.google.javascript.rhino.jstype.NullType,84,0.021
com.google.javascript.rhino.jstype.ArrowType,217,0.021
com.google.javascript.rhino.jstype.ArrowType,218,0.021
com.google.javascript.rhino.jstype.ArrowType,219,0.021
com.google.javascript.rhino.jstype.ArrowType,221,0.021
com.google.javascript.rhino.jstype.ArrowType,224,0.021
com.google.javascript.rhino.jstype.ArrowType,225,0.021
com.google.javascript.rhino.jstype.ArrowType,226,0.021
com.google.javascript.rhino.jstype.ArrowType,234,0.021
com.google.javascript.rhino.jstype.FunctionType,855,0.021
com.google.javascript.rhino.jstype.ArrowType,199,0.021
com.google.javascript.rhino.jstype.ArrowType,212,0.021
com.google.javascript.rhino.jstype.FunctionType,224,0.021
com.google.javascript.rhino.jstype.FunctionType,225,0.021
com.google.javascript.rhino.jstype.FunctionType,226,0.021
com.google.javascript.jscomp.TypeCheck,856,0.021
com.google.javascript.jscomp.TypeCheck,857,0.021
com.google.javascript.jscomp.TypeCheck,858,0.021
com.google.javascript.jscomp.TypeCheck,862,0.021
com.google.javascript.jscomp.TypeCheck,870,0.021
com.google.javascript.jscomp.TypeCheck,876,0.021
com.google.javascript.jscomp.TypeCheck,891,0.021
com.google.javascript.jscomp.TypeCheck,893,0.021
com.google.javascript.jscomp.TypeCheck,894,0.021
com.google.javascript.jscomp.TypeCheck,967,0.021
com.google.javascript.jscomp.TypeCheck,982,0.021
com.google.javascript.jscomp.TypeCheck,1314,0.021
com.google.javascript.rhino.jstype.FunctionType,846,0.021
com.google.javascript.rhino.jstype.FunctionType,849,0.021
com.google.javascript.jscomp.parsing.JsDocInfoParser,2191,0.021
com.google.javascript.jscomp.Scope,427,0.021
com.google.javascript.jscomp.TypeValidator,251,0.021
com.google.javascript.jscomp.TypeValidator,274,0.021
com.google.javascript.rhino.JSDocInfo,1077,0.021
com.google.javascript.jscomp.TypeCheck,1321,0.021
com.google.javascript.jscomp.TypeCheck,1322,0.021
com.google.javascript.jscomp.TypeCheck,1323,0.021
com.google.javascript.jscomp.TypeCheck,1327,0.021
com.google.javascript.jscomp.TypeCheck,1333,0.021
com.google.javascript.jscomp.TypeCheck,1334,0.021
com.google.javascript.jscomp.TypeCheck,1335,0.021
com.google.javascript.jscomp.TypeCheck,1350,0.021
com.google.javascript.jscomp.TypeCheck,1351,0.021
com.google.javascript.jscomp.TypeCheck,1371,0.021
com.google.javascript.jscomp.TypeValidator,590,0.021
com.google.javascript.jscomp.TypeValidator,591,0.021
com.google.javascript.jscomp.TypeValidator,599,0.021
com.google.javascript.jscomp.TypeCheck,1537,0.021
com.google.javascript.jscomp.TypeCheck,1538,0.021
com.google.javascript.jscomp.TypeCheck,1545,0.021
com.google.javascript.jscomp.TypeCheck,1563,0.021
com.google.javascript.rhino.jstype.ArrowType,178,0.021
com.google.javascript.rhino.jstype.ArrowType,179,0.021
com.google.javascript.rhino.jstype.ArrowType,180,0.021
com.google.javascript.jscomp.parsing.JsDocInfoParser,881,0.021
com.google.javascript.jscomp.parsing.JsDocInfoParser,883,0.021
com.google.javascript.jscomp.parsing.JsDocInfoParser,1593,0.021
com.google.javascript.jscomp.TypedScopeCreator,1545,0.021
com.google.javascript.jscomp.TypedScopeCreator,1546,0.021
com.google.javascript.jscomp.TypedScopeCreator,1561,0.021
com.google.javascript.jscomp.TypeCheck,697,0.021
com.google.javascript.jscomp.TypeCheck,698,0.021
com.google.javascript.jscomp.TypeCheck,699,0.021
com.google.javascript.jscomp.TypeCheck,850,0.021
com.google.javascript.jscomp.TypeCheck,851,0.021
com.google.javascript.jscomp.TypeCheck,852,0.021
com.google.javascript.jscomp.TypeCheck,855,0.021
com.google.javascript.jscomp.TypeInference,584,0.021
com.google.javascript.rhino.jstype.ArrowType,205,0.021
com.google.javascript.rhino.jstype.ArrowType,208,0.021
com.google.javascript.rhino.jstype.ArrowType,209,0.021
com.google.javascript.jscomp.FunctionTypeBuilder,695,0.021
com.google.javascript.rhino.jstype.FunctionType,435,0.021
com.google.javascript.rhino.jstype.FunctionType,437,0.021
com.google.javascript.rhino.jstype.FunctionType,440,0.021
com.google.javascript.jscomp.parsing.JsDocInfoParser,1602,0.021
com.google.javascript.rhino.jstype.PrototypeObjectType,453,0.021
com.google.javascript.jscomp.InferJSDocInfo,165,0.021
com.google.javascript.jscomp.InferJSDocInfo,207,0.021
com.google.javascript.rhino.jstype.FunctionType,990,0.021
com.google.javascript.jscomp.FunctionTypeBuilder,692,0.021
com.google.javascript.jscomp.FunctionTypeBuilder,694,0.021
com.google.javascript.jscomp.FunctionTypeBuilder,697,0.021
com.google.javascript.rhino.jstype.JSTypeRegistry,1552,0.021
com.google.javascript.rhino.jstype.JSTypeRegistry,1553,0.021
com.google.javascript.rhino.jstype.JSTypeRegistry,1569,0.021
com.google.javascript.rhino.jstype.JSTypeRegistry,228,0.021
com.google.javascript.rhino.jstype.JSTypeRegistry,984,0.021
com.google.javascript.jscomp.parsing.JsDocInfoParser,1590,0.021
com.google.javascript.jscomp.parsing.JsDocInfoParser,1591,0.021
com.google.javascript.jscomp.parsing.JsDocInfoParser,1599,0.021
com.google.javascript.rhino.JSDocInfoBuilder,269,0.021
com.google.javascript.rhino.JSDocInfoBuilder,270,0.021
com.google.javascript.jscomp.parsing.JsDocInfoParser,613,0.021
com.google.javascript.jscomp.parsing.JsDocInfoParser,614,0.021
com.google.javascript.jscomp.parsing.JsDocInfoParser,615,0.021
com.google.javascript.jscomp.parsing.JsDocInfoParser,616,0.021
com.google.javascript.rhino.JSDocInfo,890,0.021
com.google.javascript.rhino.JSDocInfo,891,0.021
com.google.javascript.rhino.JSDocInfo,892,0.021
com.google.javascript.rhino.JSDocInfo,894,0.021
com.google.javascript.rhino.JSDocInfo,895,0.021
com.google.javascript.rhino.JSDocInfo,896,0.021
com.google.javascript.jscomp.parsing.JsDocInfoParser,1122,0.021
com.google.javascript.jscomp.parsing.JsDocInfoParser,1123,0.021
com.google.javascript.jscomp.parsing.JsDocInfoParser,1125,0.021
com.google.javascript.jscomp.TypedScopeCreator,1659,0.021
com.google.javascript.jscomp.TypedScopeCreator,1660,0.021
com.google.javascript.rhino.JSDocInfoBuilder,207,0.021
com.google.javascript.rhino.JSDocInfoBuilder,232,0.021
com.google.javascript.rhino.JSDocInfoBuilder,267,0.021
com.google.javascript.jscomp.parsing.JsDocInfoParser,629,0.021
com.google.javascript.jscomp.parsing.JsDocInfoParser,631,0.021
com.google.javascript.jscomp.parsing.JsDocInfoParser,656,0.021
com.google.javascript.jscomp.parsing.JsDocInfoParser,658,0.021
com.google.javascript.jscomp.parsing.JsDocInfoParser,674,0.021
com.google.javascript.jscomp.parsing.JsDocInfoParser,677,0.021
com.google.javascript.rhino.jstype.FunctionType,840,0.021
com.google.javascript.jscomp.parsing.JsDocInfoParser,1588,0.021
com.google.javascript.jscomp.parsing.JsDocInfoParser,1589,0.021
com.google.javascript.jscomp.parsing.JsDocInfoParser,1606,0.021
com.google.javascript.rhino.jstype.JSType,359,0.021
com.google.javascript.jscomp.parsing.JsDocInfoParser,604,0.021
com.google.javascript.jscomp.parsing.JsDocInfoParser,607,0.021
com.google.javascript.jscomp.parsing.JsDocInfoParser,1116,0.021
com.google.javascript.jscomp.parsing.JsDocInfoParser,1117,0.021
com.google.javascript.jscomp.parsing.JsDocInfoParser,1118,0.021
com.google.javascript.jscomp.parsing.JsDocInfoParser,1120,0.021
com.google.javascript.jscomp.parsing.JsDocInfoParser,1121,0.021
com.google.javascript.jscomp.parsing.JsDocInfoParser,1128,0.021
com.google.javascript.jscomp.parsing.JsDocInfoParser,1573,0.021
com.google.javascript.jscomp.parsing.JsDocInfoParser,1575,0.021
com.google.javascript.jscomp.parsing.JsDocInfoParser,1577,0.021
com.google.javascript.jscomp.parsing.JsDocInfoParser,1578,0.021
com.google.javascript.jscomp.parsing.JsDocInfoParser,1579,0.021
com.google.javascript.jscomp.ControlFlowAnalysis,500,0.021
com.google.javascript.jscomp.TypeInference,1237,0.021
com.google.javascript.rhino.jstype.JSType,351,0.021
com.google.javascript.rhino.jstype.JSTypeRegistry,979,0.021
com.google.javascript.jscomp.TypeInference,1229,0.021
com.google.javascript.jscomp.InferJSDocInfo,163,0.021
com.google.javascript.jscomp.InferJSDocInfo,164,0.021
com.google.javascript.jscomp.InferJSDocInfo,167,0.021
com.google.javascript.rhino.jstype.PrototypeObjectType,204,0.021
com.google.javascript.rhino.jstype.PrototypeObjectType,205,0.021
com.google.javascript.rhino.jstype.PrototypeObjectType,208,0.021
com.google.javascript.jscomp.TypeCheck,521,0.021
com.google.javascript.jscomp.TypeCheck,522,0.021
com.google.javascript.jscomp.TypeCheck,524,0.021
com.google.javascript.jscomp.FunctionTypeBuilder,610,0.021
com.google.javascript.jscomp.parsing.JsDocInfoParser,619,0.021
com.google.javascript.jscomp.parsing.JsDocInfoParser,620,0.021
com.google.javascript.jscomp.parsing.JsDocInfoParser,621,0.021
com.google.javascript.jscomp.parsing.JsDocInfoParser,625,0.021
com.google.javascript.jscomp.FunctionTypeBuilder,663,0.021
com.google.javascript.jscomp.FunctionTypeBuilder,665,0.021
com.google.javascript.jscomp.FunctionTypeBuilder,667,0.021
com.google.javascript.jscomp.parsing.JsDocInfoParser,669,0.021
com.google.javascript.jscomp.TypeCheck,1313,0.021
com.google.javascript.jscomp.TypeCheck,357,0.021
com.google.javascript.jscomp.TypeCheck,390,0.021
com.google.javascript.jscomp.parsing.JsDocInfoParser,597,0.021
com.google.javascript.jscomp.parsing.JsDocInfoParser,598,0.021
com.google.javascript.jscomp.parsing.JsDocInfoParser,599,0.021
com.google.javascript.jscomp.parsing.JsDocInfoParser,600,0.021
com.google.javascript.jscomp.parsing.JsDocInfoParser,601,0.021
com.google.javascript.jscomp.parsing.JsDocInfoParser,603,0.021
com.google.javascript.rhino.jstype.UnionType,93,0.021
com.google.javascript.jscomp.TypedScopeCreator,383,0.021
com.google.javascript.rhino.jstype.FunctionType,465,0.021
com.google.javascript.jscomp.FunctionTypeBuilder,725,0.021
com.google.javascript.jscomp.FunctionTypeBuilder,726,0.021
com.google.javascript.jscomp.TypedScopeCreator,366,0.021
com.google.javascript.jscomp.TypeInference,522,0.021
com.google.javascript.jscomp.TypeInference,555,0.021
com.google.javascript.jscomp.InferJSDocInfo,146,0.021
com.google.javascript.jscomp.InferJSDocInfo,147,0.021
com.google.javascript.rhino.jstype.PrototypeObjectType,188,0.021
com.google.javascript.jscomp.InferJSDocInfo,160,0.021
com.google.javascript.jscomp.TypedScopeCreator,1657,0.021
com.google.javascript.jscomp.TypedScopeCreator,1658,0.021
com.google.javascript.jscomp.TypedScopeCreator,1078,0.021
com.google.javascript.jscomp.NodeUtil,3057,0.021
com.google.javascript.jscomp.TypeCheck,1861,0.021
com.google.javascript.jscomp.TypeCheck,1862,0.021
com.google.javascript.jscomp.InferJSDocInfo,75,0.021
com.google.javascript.jscomp.InferJSDocInfo,76,0.021
com.google.javascript.jscomp.TypeCheck,500,0.021
com.google.javascript.jscomp.TypeCheck,501,0.021
com.google.javascript.rhino.jstype.FunctionType,955,0.021
com.google.javascript.rhino.JSDocInfo,1248,0.021
com.google.javascript.rhino.jstype.ObjectType,677,0.021
com.google.javascript.rhino.jstype.ObjectType,678,0.021
com.google.javascript.jscomp.TypedScopeCreator,1160,0.021
com.google.javascript.jscomp.TypedScopeCreator,1161,0.021
com.google.javascript.jscomp.TypedScopeCreator,1171,0.021
com.google.javascript.jscomp.TypedScopeCreator,1173,0.021
com.google.javascript.jscomp.TypedScopeCreator,1178,0.021
com.google.javascript.jscomp.TypedScopeCreator,1179,0.021
com.google.javascript.jscomp.TypedScopeCreator,1183,0.021
com.google.javascript.jscomp.TypedScopeCreator,1192,0.021
com.google.javascript.jscomp.FunctionTypeBuilder,343,0.021
com.google.javascript.jscomp.FunctionTypeBuilder,344,0.021
com.google.javascript.jscomp.FunctionTypeBuilder,350,0.021
com.google.javascript.rhino.jstype.FunctionType,460,0.021
com.google.javascript.rhino.jstype.FunctionType,462,0.021
com.google.javascript.rhino.jstype.FunctionType,463,0.021
com.google.javascript.jscomp.FunctionTypeBuilder,631,0.021
com.google.javascript.jscomp.TypedScopeCreator,381,0.021
com.google.javascript.rhino.JSDocInfo,1247,0.021
com.google.javascript.jscomp.TypedScopeCreator,526,0.021
com.google.javascript.rhino.jstype.FunctionType,1104,0.021
com.google.javascript.rhino.jstype.FunctionType,286,0.021
com.google.javascript.rhino.jstype.FunctionType,287,0.021
com.google.javascript.jscomp.InferJSDocInfo,141,0.021
com.google.javascript.jscomp.InferJSDocInfo,142,0.021
com.google.javascript.jscomp.TypeCheck,1817,0.021
com.google.javascript.jscomp.TypeInference,594,0.021
com.google.javascript.jscomp.TypeCheck,1816,0.021
com.google.javascript.jscomp.TypeCheck,364,0.021
com.google.javascript.jscomp.TypeCheck,365,0.021
com.google.javascript.jscomp.TypeCheck,367,0.021
com.google.javascript.jscomp.TypeCheck,368,0.021
com.google.javascript.jscomp.TypeCheck,370,0.021
com.google.javascript.jscomp.TypeCheck,371,0.021
com.google.javascript.jscomp.TypeCheck,373,0.021
com.google.javascript.jscomp.TypeCheck,376,0.021
com.google.javascript.jscomp.TypeCheck,377,0.021
com.google.javascript.jscomp.TypeCheck,379,0.021
com.google.javascript.rhino.jstype.UnionTypeBuilder,125,0.021
com.google.javascript.jscomp.TypeInference,1235,0.021
com.google.javascript.jscomp.TypeInference,1236,0.021
com.google.javascript.rhino.jstype.ObjectType,394,0.021
com.google.javascript.rhino.jstype.FunctionType,284,0.021
com.google.javascript.jscomp.TypedScopeCreator,1912,0.021
com.google.javascript.jscomp.TypedScopeCreator,1913,0.021
com.google.javascript.jscomp.TypedScopeCreator,1808,0.021
com.google.javascript.jscomp.TypedScopeCreator,1809,0.021
com.google.javascript.jscomp.TypedScopeCreator,1810,0.021
com.google.javascript.rhino.JSDocInfoBuilder,484,0.021
com.google.javascript.rhino.JSDocInfoBuilder,485,0.021
com.google.javascript.rhino.JSDocInfoBuilder,486,0.021
com.google.javascript.jscomp.parsing.JsDocInfoParser,867,0.021
com.google.javascript.jscomp.TypedScopeCreator,1542,0.021
com.google.javascript.jscomp.TypedScopeCreator,1544,0.021
com.google.javascript.jscomp.TypedScopeCreator,1562,0.021
com.google.javascript.jscomp.TypedScopeCreator,1577,0.021
com.google.javascript.jscomp.TypedScopeCreator,1609,0.021
com.google.javascript.jscomp.TypedScopeCreator,1613,0.021
com.google.javascript.jscomp.TypedScopeCreator,1614,0.021
com.google.javascript.jscomp.TypedScopeCreator,1622,0.021
com.google.javascript.jscomp.TypeInference,494,0.021
com.google.javascript.jscomp.TypeInference,495,0.021
com.google.javascript.jscomp.TypeInference,496,0.021
com.google.javascript.jscomp.TypeInference,501,0.021
com.google.javascript.jscomp.TypeInference,502,0.021
com.google.javascript.jscomp.TypeInference,511,0.021
com.google.javascript.jscomp.TypeInference,512,0.021
com.google.javascript.jscomp.TypeInference,513,0.021
com.google.javascript.jscomp.TypeInference,515,0.021
com.google.javascript.jscomp.TypeInference,518,0.021
com.google.javascript.rhino.JSDocInfoBuilder,482,0.021
com.google.javascript.jscomp.TypedScopeCreator,490,0.021
com.google.javascript.jscomp.TypedScopeCreator,775,0.021
com.google.javascript.jscomp.parsing.JsDocInfoParser,860,0.021
com.google.javascript.rhino.JSDocInfo,1006,0.021
com.google.javascript.rhino.JSDocInfo,1007,0.021
com.google.javascript.jscomp.TypeInference,1224,0.021
com.google.javascript.jscomp.TypeInference,1225,0.021
com.google.javascript.jscomp.TypeInference,1226,0.021
com.google.javascript.jscomp.TypeInference,1227,0.021
com.google.javascript.jscomp.TypeInference,1228,0.021
com.google.javascript.rhino.jstype.JSTypeRegistry,1571,0.021
com.google.javascript.rhino.jstype.PrototypeObjectType,184,0.021
com.google.javascript.rhino.jstype.PrototypeObjectType,185,0.021
com.google.javascript.rhino.jstype.JSType,122,0.021
com.google.javascript.rhino.jstype.ObjectType,142,0.021
com.google.javascript.rhino.jstype.JSTypeRegistry,833,0.021
com.google.javascript.rhino.jstype.JSTypeRegistry,836,0.021
com.google.javascript.rhino.jstype.JSTypeRegistry,837,0.021
com.google.javascript.rhino.jstype.JSType,576,0.021
com.google.javascript.rhino.JSDocInfo,1084,0.021
com.google.javascript.rhino.JSDocInfo,1105,0.021
com.google.javascript.rhino.jstype.ObjectType,151,0.021
com.google.javascript.rhino.jstype.ObjectType,152,0.021
com.google.javascript.jscomp.LinkedFlowScope,114,0.021
com.google.javascript.jscomp.LinkedFlowScope,115,0.021
com.google.javascript.jscomp.LinkedFlowScope,122,0.021
com.google.javascript.rhino.JSDocInfo,475,0.021
com.google.javascript.rhino.jstype.FunctionType,951,0.021
com.google.javascript.rhino.jstype.FunctionType,832,0.021
com.google.javascript.rhino.jstype.JSType,312,0.021
com.google.javascript.jscomp.TypeCheck,1865,0.021
com.google.javascript.jscomp.TypeCheck,1866,0.021
com.google.javascript.jscomp.InferJSDocInfo,203,0.021
com.google.javascript.jscomp.InferJSDocInfo,223,0.021
com.google.javascript.jscomp.TypeInference,578,0.021
com.google.javascript.jscomp.TypeInference,579,0.021
com.google.javascript.jscomp.TypeInference,580,0.021
com.google.javascript.jscomp.TypeInference,581,0.021
com.google.javascript.jscomp.TypeInference,582,0.021
com.google.javascript.jscomp.TypedScopeCreator,1472,0.021
com.google.javascript.jscomp.TypedScopeCreator,1473,0.021
com.google.javascript.jscomp.TypedScopeCreator,1474,0.021
com.google.javascript.jscomp.TypedScopeCreator,1475,0.021
com.google.javascript.jscomp.TypedScopeCreator,1476,0.021
com.google.javascript.jscomp.TypedScopeCreator,1492,0.021
com.google.javascript.jscomp.TypedScopeCreator,1493,0.021
com.google.javascript.jscomp.TypedScopeCreator,1503,0.021
com.google.javascript.jscomp.TypedScopeCreator,1531,0.021
com.google.javascript.jscomp.InferJSDocInfo,195,0.021
com.google.javascript.jscomp.Scope,269,0.021
com.google.javascript.rhino.Node,455,0.021
com.google.javascript.rhino.Node,456,0.021
com.google.javascript.rhino.Node,457,0.021
com.google.javascript.rhino.jstype.JSType,575,0.021
com.google.javascript.jscomp.ControlFlowAnalysis,930,0.021
com.google.javascript.jscomp.parsing.JsDocInfoParser,2185,0.021
com.google.javascript.rhino.jstype.JSType,305,0.021
com.google.javascript.rhino.jstype.ObjectType,139,0.021
com.google.javascript.jscomp.TypedScopeCreator,370,0.021
com.google.javascript.rhino.jstype.ObjectType,137,0.021
com.google.javascript.rhino.jstype.JSType,628,0.021
com.google.javascript.jscomp.TypedScopeCreator,517,0.021
com.google.javascript.jscomp.TypeCheck,1286,0.021
com.google.javascript.jscomp.TypeCheck,1287,0.021
com.google.javascript.jscomp.TypeCheck,1297,0.021
com.google.javascript.jscomp.TypeCheck,1298,0.021
com.google.javascript.jscomp.CodingConventions,210,0.021
com.google.javascript.rhino.JSDocInfo,1103,0.021
com.google.javascript.rhino.jstype.JSType,616,0.021
com.google.javascript.rhino.jstype.JSType,617,0.021
com.google.javascript.rhino.jstype.JSType,618,0.021
com.google.javascript.jscomp.Compiler,2219,0.021
com.google.javascript.jscomp.TypeCheck,431,0.021
com.google.javascript.jscomp.TypeCheck,432,0.021
com.google.javascript.jscomp.TypeCheck,433,0.021
com.google.javascript.jscomp.TypeCheck,475,0.021
com.google.javascript.jscomp.TypeCheck,476,0.021
com.google.javascript.jscomp.TypeCheck,746,0.021

