com.fasterxml.jackson.core.JsonProcessingException,105,0.509
com.fasterxml.jackson.core.JsonProcessingException,52,0.5
com.fasterxml.jackson.core.JsonProcessingException,120,0.487
com.fasterxml.jackson.core.JsonProcessingException,121,0.487
com.fasterxml.jackson.core.JsonProcessingException,124,0.487
com.fasterxml.jackson.core.JsonProcessingException,125,0.487
com.fasterxml.jackson.core.JsonProcessingException,127,0.487
com.fasterxml.jackson.core.JsonProcessingException,140,0.487
com.fasterxml.jackson.databind.JsonMappingException,483,0.482
com.fasterxml.jackson.databind.JsonMappingException,489,0.482
com.fasterxml.jackson.databind.JsonMappingException,490,0.482
com.fasterxml.jackson.databind.util.ClassUtil,725,0.442
com.fasterxml.jackson.databind.util.ClassUtil,728,0.442
com.fasterxml.jackson.databind.util.ClassUtil,729,0.442
com.fasterxml.jackson.databind.util.ClassUtil,733,0.442
com.fasterxml.jackson.databind.util.ClassUtil,734,0.442
com.fasterxml.jackson.databind.util.ClassUtil,741,0.442
com.fasterxml.jackson.databind.util.ClassUtil,799,0.442
com.fasterxml.jackson.databind.util.ClassUtil,802,0.442
com.fasterxml.jackson.core.JsonLocation,162,0.436
com.fasterxml.jackson.core.JsonLocation,163,0.436
com.fasterxml.jackson.core.JsonLocation,164,0.436
com.fasterxml.jackson.core.JsonLocation,165,0.436
com.fasterxml.jackson.core.JsonLocation,166,0.436
com.fasterxml.jackson.core.JsonLocation,167,0.436
com.fasterxml.jackson.core.JsonLocation,168,0.436
com.fasterxml.jackson.core.JsonLocation,169,0.436
com.fasterxml.jackson.core.JsonLocation,170,0.436
com.fasterxml.jackson.core.JsonLocation,175,0.436
com.fasterxml.jackson.core.JsonLocation,177,0.436
com.fasterxml.jackson.core.JsonProcessingException,128,0.436
com.fasterxml.jackson.core.JsonProcessingException,129,0.436
com.fasterxml.jackson.core.JsonProcessingException,130,0.436
com.fasterxml.jackson.core.JsonProcessingException,133,0.436
com.fasterxml.jackson.core.JsonProcessingException,134,0.436
com.fasterxml.jackson.core.JsonProcessingException,135,0.436
com.fasterxml.jackson.core.JsonProcessingException,136,0.436
com.fasterxml.jackson.core.JsonProcessingException,138,0.436
com.fasterxml.jackson.databind.ObjectMapper,3549,0.436
com.fasterxml.jackson.databind.ObjectMapper,3550,0.436
com.fasterxml.jackson.core.JsonLocation,199,0.434
com.fasterxml.jackson.core.JsonLocation,200,0.434
com.fasterxml.jackson.core.JsonLocation,201,0.434
com.fasterxml.jackson.core.JsonLocation,202,0.434
com.fasterxml.jackson.core.JsonLocation,222,0.434
com.fasterxml.jackson.core.JsonLocation,223,0.434
com.fasterxml.jackson.databind.JsonMappingException,491,0.432
com.fasterxml.jackson.core.JsonLocation,182,0.427
com.fasterxml.jackson.core.JsonLocation,183,0.427
com.fasterxml.jackson.core.JsonLocation,184,0.427
com.fasterxml.jackson.core.JsonLocation,186,0.427
com.fasterxml.jackson.core.JsonLocation,187,0.427
com.fasterxml.jackson.core.JsonLocation,193,0.427
com.fasterxml.jackson.core.JsonLocation,196,0.427
com.fasterxml.jackson.core.JsonLocation,198,0.427
com.fasterxml.jackson.core.JsonLocation,215,0.427
com.fasterxml.jackson.core.JsonLocation,218,0.427
com.fasterxml.jackson.databind.ObjectMapper,4601,0.421
com.fasterxml.jackson.databind.DatabindContext,413,0.396
com.fasterxml.jackson.databind.JsonMappingException,508,0.368
com.fasterxml.jackson.core.io.IOContext,123,0.364
com.fasterxml.jackson.core.base.ParserBase,1231,0.364
com.fasterxml.jackson.core.base.ParserBase,1232,0.364
com.fasterxml.jackson.core.json.ReaderBasedJsonParser,2839,0.359
com.fasterxml.jackson.databind.DeserializationContext,1173,0.34
com.fasterxml.jackson.databind.DeserializationContext,1176,0.34
com.fasterxml.jackson.databind.DeserializationContext,1177,0.34
com.fasterxml.jackson.databind.DeserializationContext,1178,0.34
com.fasterxml.jackson.databind.DeserializationContext,1201,0.34
com.fasterxml.jackson.databind.DeserializationConfig,877,0.324
com.fasterxml.jackson.databind.DeserializationContext,1206,0.324
com.fasterxml.jackson.databind.exc.InvalidDefinitionException,67,0.323
com.fasterxml.jackson.databind.DeserializationContext,1764,0.323
com.fasterxml.jackson.databind.exc.InvalidFormatException,67,0.306
com.fasterxml.jackson.core.json.ReaderBasedJsonParser,2844,0.297
com.fasterxml.jackson.databind.DatabindContext,400,0.295
com.fasterxml.jackson.databind.DatabindContext,416,0.289
com.fasterxml.jackson.databind.DeserializationContext,1207,0.27
com.fasterxml.jackson.databind.DeserializationContext,1208,0.27
com.fasterxml.jackson.databind.DeserializationContext,1209,0.27
com.fasterxml.jackson.databind.DatabindContext,414,0.265
com.fasterxml.jackson.databind.JsonMappingException,120,0.265
com.fasterxml.jackson.databind.JsonMappingException,121,0.265
com.fasterxml.jackson.databind.JsonMappingException,123,0.265
com.fasterxml.jackson.databind.JsonMappingException,126,0.265
com.fasterxml.jackson.databind.JsonMappingException,131,0.265
com.fasterxml.jackson.databind.JsonMappingException,132,0.265
com.fasterxml.jackson.databind.JsonMappingException,136,0.265
com.fasterxml.jackson.databind.JsonMappingException,137,0.265
com.fasterxml.jackson.databind.JsonMappingException,141,0.265
com.fasterxml.jackson.databind.JsonMappingException,142,0.265
com.fasterxml.jackson.databind.JsonMappingException,151,0.265
com.fasterxml.jackson.databind.JsonMappingException,152,0.265
com.fasterxml.jackson.databind.JsonMappingException,154,0.265
com.fasterxml.jackson.databind.JsonMappingException,159,0.265
com.fasterxml.jackson.databind.JsonMappingException,425,0.265
com.fasterxml.jackson.databind.JsonMappingException,426,0.265
com.fasterxml.jackson.databind.JsonMappingException,519,0.265
com.fasterxml.jackson.databind.JsonMappingException,522,0.265
com.fasterxml.jackson.databind.JsonMappingException,523,0.265
com.fasterxml.jackson.databind.JsonMappingException,524,0.265
com.fasterxml.jackson.databind.JsonMappingException,525,0.265
com.fasterxml.jackson.databind.JsonMappingException,529,0.265
com.fasterxml.jackson.databind.JsonMappingException,373,0.255
com.fasterxml.jackson.databind.JsonMappingException,392,0.255
com.fasterxml.jackson.databind.JsonMappingException,393,0.255
com.fasterxml.jackson.core.json.ReaderBasedJsonParser,2840,0.253
com.fasterxml.jackson.core.json.ReaderBasedJsonParser,2841,0.253
com.fasterxml.jackson.databind.DeserializationContext,436,0.252
com.fasterxml.jackson.databind.JsonMappingException,374,0.25
com.fasterxml.jackson.databind.JsonMappingException,450,0.243
com.fasterxml.jackson.databind.JsonMappingException,451,0.243
com.fasterxml.jackson.databind.JsonMappingException,457,0.243
com.fasterxml.jackson.databind.JsonMappingException,458,0.243
com.fasterxml.jackson.databind.JsonMappingException,460,0.243
com.fasterxml.jackson.databind.JsonMappingException,493,0.238
com.fasterxml.jackson.databind.JsonMappingException,499,0.238
com.fasterxml.jackson.databind.JsonMappingException,500,0.238
com.fasterxml.jackson.databind.JsonMappingException,501,0.238
com.fasterxml.jackson.databind.JsonMappingException,502,0.238
com.fasterxml.jackson.databind.JsonMappingException,143,0.235
com.fasterxml.jackson.databind.JsonMappingException,144,0.235
com.fasterxml.jackson.databind.JsonMappingException,145,0.235
com.fasterxml.jackson.databind.deser.BeanDeserializerBase,1822,0.23
com.fasterxml.jackson.databind.deser.BeanDeserializerBase,1832,0.23
com.fasterxml.jackson.databind.deser.BeanDeserializerBase,1836,0.23
com.fasterxml.jackson.databind.deser.BeanDeserializerBase,1837,0.23
com.fasterxml.jackson.databind.deser.BeanDeserializerBase,1839,0.23
com.fasterxml.jackson.databind.deser.BeanDeserializerBase,1840,0.23
com.fasterxml.jackson.databind.deser.BeanDeserializerBase,1846,0.23
com.fasterxml.jackson.databind.deser.BeanDeserializerBase,1410,0.228
com.fasterxml.jackson.databind.deser.BeanDeserializerBase,1411,0.228
com.fasterxml.jackson.databind.JsonMappingException,349,0.228
com.fasterxml.jackson.databind.DatabindContext,423,0.228
com.fasterxml.jackson.databind.DatabindContext,426,0.228
com.fasterxml.jackson.databind.DatabindContext,427,0.228
com.fasterxml.jackson.databind.DatabindContext,436,0.228
com.fasterxml.jackson.databind.DatabindContext,440,0.228
com.fasterxml.jackson.databind.deser.BeanDeserializer,326,0.218
com.fasterxml.jackson.databind.util.ClassUtil,695,0.213
com.fasterxml.jackson.databind.util.ClassUtil,698,0.213
com.fasterxml.jackson.databind.util.ClassUtil,699,0.213
com.fasterxml.jackson.databind.util.ClassUtil,700,0.213
com.fasterxml.jackson.databind.type.TypeFactory,1405,0.212
com.fasterxml.jackson.databind.type.TypeFactory,1373,0.211
com.fasterxml.jackson.databind.type.TypeFactory,1375,0.211
com.fasterxml.jackson.databind.type.TypeFactory,1399,0.211
com.fasterxml.jackson.databind.type.TypeFactory,1404,0.211
com.fasterxml.jackson.databind.type.TypeFactory,1350,0.211
com.fasterxml.jackson.databind.type.TypeFactory,1345,0.211
com.fasterxml.jackson.databind.type.TypeFactory,1431,0.211
com.fasterxml.jackson.databind.type.TypeFactory,1432,0.211
com.fasterxml.jackson.databind.type.TypeFactory,734,0.209
com.fasterxml.jackson.databind.type.TypeFactory,1354,0.207
com.fasterxml.jackson.databind.type.TypeFactory,1437,0.207
com.fasterxml.jackson.databind.type.TypeFactory,1442,0.207
com.fasterxml.jackson.databind.type.TypeFactory,1443,0.207
com.fasterxml.jackson.databind.type.TypeBindings,257,0.207
com.fasterxml.jackson.databind.type.TypeFactory,1351,0.207
com.fasterxml.jackson.databind.type.TypeFactory,1433,0.206
com.fasterxml.jackson.databind.JavaType,590,0.205
com.fasterxml.jackson.databind.util.LRUMap,73,0.205
com.fasterxml.jackson.databind.type.TypeFactory,1352,0.204
com.fasterxml.jackson.databind.deser.BeanDeserializer,794,0.204
com.fasterxml.jackson.databind.deser.BeanDeserializerBase,1415,0.204
com.fasterxml.jackson.databind.util.ClassUtil,674,0.204
com.fasterxml.jackson.databind.util.ClassUtil,677,0.204
com.fasterxml.jackson.databind.util.ClassUtil,679,0.204
com.fasterxml.jackson.databind.type.TypeFactory,1438,0.204
com.fasterxml.jackson.databind.type.TypeFactory,270,0.203
com.fasterxml.jackson.databind.MapperFeature,591,0.203
com.fasterxml.jackson.databind.cfg.MapperConfig,145,0.203
com.fasterxml.jackson.databind.type.TypeFactory,1444,0.2
com.fasterxml.jackson.databind.JavaType,228,0.198
com.fasterxml.jackson.databind.cfg.MapperConfigBase,599,0.198
com.fasterxml.jackson.databind.cfg.MapperConfigBase,604,0.198
com.fasterxml.jackson.core.io.IOContext,309,0.197
com.fasterxml.jackson.core.io.IOContext,310,0.197
com.fasterxml.jackson.core.util.BufferRecycler,155,0.197
com.fasterxml.jackson.core.util.BufferRecycler,156,0.197
com.fasterxml.jackson.core.util.BufferRecycler,157,0.197
com.fasterxml.jackson.core.util.BufferRecycler,159,0.197
com.fasterxml.jackson.core.util.BufferRecycler,160,0.197
com.fasterxml.jackson.core.util.BufferRecycler,163,0.197
com.fasterxml.jackson.core.util.BufferRecycler,181,0.197
com.fasterxml.jackson.core.util.BufferRecyclers,65,0.197
com.fasterxml.jackson.core.util.BufferRecyclers,66,0.197
com.fasterxml.jackson.core.util.BufferRecyclers,68,0.197
com.fasterxml.jackson.core.util.BufferRecyclers,77,0.197
com.fasterxml.jackson.core.JsonFactory,1919,0.197
com.fasterxml.jackson.core.JsonFactory,1920,0.197
com.fasterxml.jackson.core.JsonFactory,1935,0.197
com.fasterxml.jackson.core.JsonFactory,152,0.197
com.fasterxml.jackson.core.JsonFactory,154,0.197
com.fasterxml.jackson.databind.DatabindContext,148,0.196
com.fasterxml.jackson.databind.DatabindContext,151,0.196
com.fasterxml.jackson.databind.JavaType,388,0.196
com.fasterxml.jackson.databind.ObjectMapper,4756,0.195
com.fasterxml.jackson.databind.ObjectMapper,4759,0.195
com.fasterxml.jackson.databind.type.SimpleType,246,0.194
com.fasterxml.jackson.databind.JsonMappingException,526,0.194
com.fasterxml.jackson.databind.cfg.MapperConfig,300,0.193
com.fasterxml.jackson.databind.cfg.BaseSettings,390,0.193
com.fasterxml.jackson.databind.util.ClassUtil,366,0.193
com.fasterxml.jackson.databind.util.ClassUtil,369,0.193
com.fasterxml.jackson.databind.introspect.AnnotatedMember,85,0.193
com.fasterxml.jackson.databind.introspect.AnnotatedMember,88,0.193
com.fasterxml.jackson.databind.introspect.AnnotationMap,40,0.193
com.fasterxml.jackson.databind.introspect.BasicBeanDescription,232,0.192
com.fasterxml.jackson.core.io.IOContext,319,0.192
com.fasterxml.jackson.core.io.IOContext,320,0.192
com.fasterxml.jackson.databind.cfg.MapperConfig,312,0.192
com.fasterxml.jackson.core.util.BufferRecycler,167,0.192
com.fasterxml.jackson.core.util.BufferRecycler,168,0.192
com.fasterxml.jackson.databind.ObjectMapper,3515,0.192
com.fasterxml.jackson.databind.ObjectMapper,3516,0.192
com.fasterxml.jackson.databind.introspect.BasicClassIntrospector,258,0.192
com.fasterxml.jackson.databind.introspect.BasicClassIntrospector,247,0.192
com.fasterxml.jackson.databind.introspect.BasicClassIntrospector,248,0.192
com.fasterxml.jackson.databind.cfg.MapperConfig,230,0.192
com.fasterxml.jackson.databind.cfg.BaseSettings,374,0.192
com.fasterxml.jackson.databind.introspect.POJOPropertiesCollector,612,0.192
com.fasterxml.jackson.databind.introspect.POJOPropertiesCollector,620,0.192
com.fasterxml.jackson.databind.introspect.POJOPropertiesCollector,628,0.192
com.fasterxml.jackson.databind.introspect.AnnotatedMethodCollector,61,0.192
com.fasterxml.jackson.databind.introspect.AnnotatedMethodCollector,62,0.192
com.fasterxml.jackson.databind.introspect.POJOPropertiesCollector,426,0.192
com.fasterxml.jackson.databind.introspect.POJOPropertiesCollector,609,0.192
com.fasterxml.jackson.databind.JavaType,302,0.192
com.fasterxml.jackson.databind.JavaType,352,0.192
com.fasterxml.jackson.databind.introspect.POJOPropertiesCollector,1137,0.192
com.fasterxml.jackson.databind.util.ClassUtil,1012,0.192
com.fasterxml.jackson.databind.cfg.MapperConfig,188,0.192
com.fasterxml.jackson.databind.introspect.AnnotatedCreatorCollector,78,0.191
com.fasterxml.jackson.databind.introspect.AnnotatedCreatorCollector,84,0.191
com.fasterxml.jackson.databind.introspect.AnnotatedCreatorCollector,89,0.191
com.fasterxml.jackson.databind.introspect.JacksonAnnotationIntrospector,951,0.191
com.fasterxml.jackson.databind.util.ArrayIterator,23,0.191
com.fasterxml.jackson.databind.util.ArrayIterator,34,0.191
com.fasterxml.jackson.databind.introspect.AnnotatedClass,308,0.191
com.fasterxml.jackson.databind.util.ClassUtil,1142,0.191
com.fasterxml.jackson.databind.util.ClassUtil,1143,0.191
com.fasterxml.jackson.databind.introspect.AnnotatedClass,254,0.191
com.fasterxml.jackson.databind.introspect.BasicBeanDescription,747,0.191
com.fasterxml.jackson.databind.AnnotationIntrospector,1544,0.191
com.fasterxml.jackson.databind.introspect.AnnotatedClass,315,0.191
com.fasterxml.jackson.databind.introspect.AnnotatedCreatorCollector,57,0.191
com.fasterxml.jackson.databind.introspect.AnnotatedCreatorCollector,60,0.191
com.fasterxml.jackson.databind.introspect.AnnotatedCreatorCollector,61,0.191
com.fasterxml.jackson.databind.introspect.AnnotatedCreatorCollector,70,0.191
com.fasterxml.jackson.databind.introspect.AnnotatedCreatorCollector,71,0.191
com.fasterxml.jackson.databind.introspect.AnnotatedCreatorCollector,77,0.191
com.fasterxml.jackson.databind.introspect.AnnotatedCreatorCollector,95,0.191
com.fasterxml.jackson.databind.introspect.AnnotatedCreatorCollector,106,0.191
com.fasterxml.jackson.databind.introspect.AnnotatedCreatorCollector,107,0.191
com.fasterxml.jackson.databind.introspect.AnnotatedCreatorCollector,114,0.191
com.fasterxml.jackson.databind.introspect.AnnotatedCreatorCollector,132,0.191
com.fasterxml.jackson.databind.introspect.AnnotatedCreatorCollector,194,0.191
com.fasterxml.jackson.databind.introspect.AnnotatedCreatorCollector,197,0.191
com.fasterxml.jackson.databind.introspect.AnnotatedCreatorCollector,209,0.191
com.fasterxml.jackson.databind.introspect.AnnotatedClass,398,0.191
com.fasterxml.jackson.databind.introspect.AnnotatedClass,399,0.191
com.fasterxml.jackson.databind.introspect.AnnotatedClass,400,0.191
com.fasterxml.jackson.databind.introspect.AnnotatedClass,403,0.191
com.fasterxml.jackson.databind.introspect.AnnotatedClass,407,0.191
com.fasterxml.jackson.databind.introspect.AnnotatedClass,409,0.191
com.fasterxml.jackson.databind.introspect.BasicBeanDescription,746,0.191
com.fasterxml.jackson.databind.cfg.MapperConfig,241,0.191
com.fasterxml.jackson.databind.cfg.BaseSettings,378,0.191
com.fasterxml.jackson.databind.cfg.MapperConfig,240,0.191
com.fasterxml.jackson.databind.introspect.POJOPropertiesCollector,1241,0.191
com.fasterxml.jackson.databind.introspect.POJOPropertiesCollector,1286,0.191
com.fasterxml.jackson.databind.cfg.MapperConfig,247,0.191
com.fasterxml.jackson.databind.cfg.BaseSettings,382,0.191
com.fasterxml.jackson.databind.ext.Java7SupportImpl,29,0.19
com.fasterxml.jackson.databind.ext.Java7SupportImpl,30,0.19
com.fasterxml.jackson.databind.ext.Java7SupportImpl,33,0.19
com.fasterxml.jackson.databind.introspect.JacksonAnnotationIntrospector,344,0.19
com.fasterxml.jackson.databind.introspect.JacksonAnnotationIntrospector,345,0.19
com.fasterxml.jackson.databind.introspect.JacksonAnnotationIntrospector,400,0.19
com.fasterxml.jackson.databind.introspect.JacksonAnnotationIntrospector,935,0.19
com.fasterxml.jackson.databind.introspect.JacksonAnnotationIntrospector,936,0.19
com.fasterxml.jackson.databind.introspect.JacksonAnnotationIntrospector,941,0.19
com.fasterxml.jackson.databind.introspect.JacksonAnnotationIntrospector,945,0.19
com.fasterxml.jackson.databind.introspect.JacksonAnnotationIntrospector,948,0.19
com.fasterxml.jackson.databind.introspect.JacksonAnnotationIntrospector,1418,0.19
com.fasterxml.jackson.databind.introspect.JacksonAnnotationIntrospector,1419,0.19
com.fasterxml.jackson.databind.introspect.JacksonAnnotationIntrospector,1422,0.19
com.fasterxml.jackson.databind.introspect.JacksonAnnotationIntrospector,1423,0.19
com.fasterxml.jackson.databind.introspect.JacksonAnnotationIntrospector,1424,0.19
com.fasterxml.jackson.databind.introspect.JacksonAnnotationIntrospector,1428,0.19
com.fasterxml.jackson.databind.introspect.AnnotationCollector,75,0.19
com.fasterxml.jackson.databind.introspect.CollectorBase,25,0.19
com.fasterxml.jackson.databind.introspect.CollectorBase,26,0.19
com.fasterxml.jackson.databind.introspect.CollectorBase,33,0.19
com.fasterxml.jackson.databind.introspect.POJOPropertiesCollector,445,0.19
com.fasterxml.jackson.databind.introspect.POJOPropertiesCollector,451,0.19
com.fasterxml.jackson.databind.introspect.POJOPropertiesCollector,457,0.19
com.fasterxml.jackson.databind.introspect.POJOPropertiesCollector,458,0.19
com.fasterxml.jackson.databind.introspect.POJOPropertiesCollector,464,0.19
com.fasterxml.jackson.databind.introspect.POJOPropertiesCollector,469,0.19
com.fasterxml.jackson.databind.introspect.POJOPropertiesCollector,470,0.19
com.fasterxml.jackson.databind.introspect.POJOPropertiesCollector,471,0.19
com.fasterxml.jackson.databind.introspect.POJOPropertiesCollector,472,0.19
com.fasterxml.jackson.databind.introspect.POJOPropertiesCollector,832,0.19
com.fasterxml.jackson.databind.introspect.POJOPropertiesCollector,839,0.19
com.fasterxml.jackson.databind.introspect.POJOPropertiesCollector,1134,0.19
com.fasterxml.jackson.databind.introspect.POJOPropertiesCollector,1135,0.19
com.fasterxml.jackson.databind.introspect.POJOPropertiesCollector,1136,0.19
com.fasterxml.jackson.databind.introspect.POJOPropertiesCollector,1139,0.19
com.fasterxml.jackson.databind.introspect.POJOPropertiesCollector,1141,0.19
com.fasterxml.jackson.databind.introspect.POJOPropertiesCollector,1144,0.19
com.fasterxml.jackson.databind.introspect.POJOPropertiesCollector,1236,0.19
com.fasterxml.jackson.databind.introspect.POJOPropertiesCollector,1284,0.19
com.fasterxml.jackson.databind.introspect.POJOPropertiesCollector,1285,0.19
com.fasterxml.jackson.databind.introspect.AnnotationCollector,192,0.19
com.fasterxml.jackson.databind.introspect.AnnotatedMethodCollector,39,0.19
com.fasterxml.jackson.databind.introspect.AnnotatedMethodCollector,40,0.19
com.fasterxml.jackson.databind.introspect.AnnotatedMethodCollector,46,0.19
com.fasterxml.jackson.databind.introspect.AnnotatedMethodCollector,49,0.19
com.fasterxml.jackson.databind.introspect.AnnotatedMethodCollector,52,0.19
com.fasterxml.jackson.databind.introspect.AnnotatedMethodCollector,59,0.19
com.fasterxml.jackson.databind.introspect.AnnotatedMethodCollector,60,0.19
com.fasterxml.jackson.databind.introspect.AnnotatedMethodCollector,72,0.19
com.fasterxml.jackson.databind.introspect.AnnotatedMethodCollector,93,0.19
com.fasterxml.jackson.databind.introspect.AnnotatedMethodCollector,110,0.19
com.fasterxml.jackson.databind.introspect.AnnotatedMethodCollector,113,0.19
com.fasterxml.jackson.databind.introspect.AnnotatedMethodCollector,117,0.19
com.fasterxml.jackson.databind.introspect.AnnotatedMethodCollector,150,0.19
com.fasterxml.jackson.databind.introspect.AnnotatedMethodMap,54,0.19
com.fasterxml.jackson.databind.introspect.POJOPropertiesCollector,418,0.19
com.fasterxml.jackson.databind.introspect.POJOPropertiesCollector,421,0.19
com.fasterxml.jackson.databind.introspect.POJOPropertiesCollector,422,0.19
com.fasterxml.jackson.databind.introspect.POJOPropertiesCollector,425,0.19
com.fasterxml.jackson.databind.introspect.POJOPropertiesCollector,431,0.19
com.fasterxml.jackson.databind.introspect.POJOPropertiesCollector,433,0.19
com.fasterxml.jackson.databind.introspect.POJOPropertiesCollector,436,0.19
com.fasterxml.jackson.databind.introspect.POJOPropertiesCollector,440,0.19
com.fasterxml.jackson.databind.introspect.POJOPropertiesCollector,485,0.19
com.fasterxml.jackson.databind.introspect.POJOPropertiesCollector,490,0.19
com.fasterxml.jackson.databind.introspect.POJOPropertiesCollector,491,0.19
com.fasterxml.jackson.databind.introspect.POJOPropertiesCollector,493,0.19
com.fasterxml.jackson.databind.introspect.POJOPropertiesCollector,601,0.19
com.fasterxml.jackson.databind.introspect.POJOPropertiesCollector,679,0.19
com.fasterxml.jackson.databind.introspect.POJOPropertiesCollector,699,0.19
com.fasterxml.jackson.databind.introspect.POJOPropertiesCollector,828,0.19
com.fasterxml.jackson.databind.introspect.POJOPropertiesCollector,890,0.19
com.fasterxml.jackson.databind.introspect.POJOPropertiesCollector,891,0.19
com.fasterxml.jackson.databind.introspect.POJOPropertiesCollector,914,0.19
com.fasterxml.jackson.databind.introspect.POJOPropertiesCollector,923,0.19
com.fasterxml.jackson.databind.introspect.POJOPropertiesCollector,924,0.19
com.fasterxml.jackson.databind.introspect.POJOPropertiesCollector,926,0.19
com.fasterxml.jackson.databind.introspect.POJOPropertiesCollector,933,0.19
com.fasterxml.jackson.databind.introspect.POJOPropertiesCollector,959,0.19
com.fasterxml.jackson.databind.introspect.POJOPropertiesCollector,960,0.19
com.fasterxml.jackson.databind.introspect.POJOPropertiesCollector,961,0.19
com.fasterxml.jackson.databind.introspect.POJOPropertiesCollector,998,0.19
com.fasterxml.jackson.databind.introspect.POJOPropertiesCollector,1025,0.19
com.fasterxml.jackson.databind.introspect.AnnotationMap,41,0.19
com.fasterxml.jackson.databind.introspect.AnnotatedFieldCollector,42,0.19
com.fasterxml.jackson.databind.introspect.AnnotatedFieldCollector,43,0.19
com.fasterxml.jackson.databind.introspect.AnnotatedFieldCollector,48,0.19
com.fasterxml.jackson.databind.introspect.AnnotatedFieldCollector,49,0.19
com.fasterxml.jackson.databind.introspect.AnnotatedFieldCollector,65,0.19
com.fasterxml.jackson.databind.introspect.AnnotatedFieldCollector,66,0.19
com.fasterxml.jackson.databind.introspect.AnnotatedFieldCollector,67,0.19
com.fasterxml.jackson.databind.introspect.AnnotatedClass,327,0.19
com.fasterxml.jackson.databind.introspect.AnnotatedClass,343,0.19
com.fasterxml.jackson.databind.introspect.AnnotatedClass,365,0.19
com.fasterxml.jackson.databind.introspect.AnnotatedClass,366,0.19
com.fasterxml.jackson.databind.introspect.AnnotatedClass,368,0.19
com.fasterxml.jackson.databind.introspect.AnnotatedClass,371,0.19
com.fasterxml.jackson.databind.introspect.AnnotatedClass,374,0.19
com.fasterxml.jackson.databind.introspect.AnnotatedClass,376,0.19
com.fasterxml.jackson.databind.introspect.AnnotatedClass,380,0.19
com.fasterxml.jackson.databind.introspect.AnnotatedClass,381,0.19
com.fasterxml.jackson.databind.introspect.AnnotatedClass,384,0.19
com.fasterxml.jackson.databind.introspect.AnnotatedClass,387,0.19
com.fasterxml.jackson.databind.introspect.AnnotatedClass,392,0.19
com.fasterxml.jackson.databind.introspect.AnnotatedClass,394,0.19
com.fasterxml.jackson.databind.JavaType,289,0.19
com.fasterxml.jackson.databind.ObjectMapper,4684,0.19
com.fasterxml.jackson.databind.ObjectMapper,4685,0.19
com.fasterxml.jackson.databind.JavaType,323,0.19
com.fasterxml.jackson.databind.JavaType,236,0.19
com.fasterxml.jackson.databind.util.ClassUtil,1156,0.19
com.fasterxml.jackson.databind.introspect.AnnotatedClass,351,0.19
com.fasterxml.jackson.databind.introspect.AnnotatedClass,352,0.19
com.fasterxml.jackson.databind.introspect.AnnotatedClass,353,0.19
com.fasterxml.jackson.databind.introspect.AnnotatedClass,355,0.19
com.fasterxml.jackson.databind.introspect.BasicClassIntrospector,289,0.19
com.fasterxml.jackson.databind.util.ClassUtil,1214,0.189
com.fasterxml.jackson.databind.introspect.AnnotationCollector,70,0.189
com.fasterxml.jackson.databind.introspect.AnnotatedClassResolver,270,0.188
com.fasterxml.jackson.databind.introspect.AnnotatedClassResolver,271,0.188
com.fasterxml.jackson.databind.introspect.AnnotatedClassResolver,279,0.188
com.fasterxml.jackson.databind.introspect.AnnotatedClassResolver,292,0.188
com.fasterxml.jackson.databind.ObjectMapper,4676,0.188
com.fasterxml.jackson.databind.ObjectMapper,4681,0.188
com.fasterxml.jackson.databind.ObjectMapper,4682,0.188
com.fasterxml.jackson.databind.introspect.AnnotatedClassResolver,140,0.188
com.fasterxml.jackson.databind.introspect.AnnotatedClassResolver,162,0.188
com.fasterxml.jackson.databind.introspect.AnnotatedClassResolver,165,0.188
com.fasterxml.jackson.databind.introspect.AnnotatedClassResolver,168,0.188
com.fasterxml.jackson.databind.introspect.AnnotatedClassResolver,174,0.188
com.fasterxml.jackson.databind.introspect.AnnotatedClassResolver,177,0.188
com.fasterxml.jackson.databind.introspect.AnnotatedClassResolver,178,0.188
com.fasterxml.jackson.databind.introspect.AnnotatedClassResolver,181,0.188
com.fasterxml.jackson.databind.introspect.AnnotatedFieldCollector,69,0.188
com.fasterxml.jackson.databind.introspect.AnnotatedFieldCollector,71,0.188
com.fasterxml.jackson.databind.introspect.AnnotatedFieldCollector,73,0.188
com.fasterxml.jackson.databind.introspect.AnnotatedFieldCollector,91,0.188
com.fasterxml.jackson.databind.introspect.AnnotatedFieldCollector,97,0.188
com.fasterxml.jackson.databind.introspect.JacksonAnnotationIntrospector,572,0.188
com.fasterxml.jackson.databind.introspect.JacksonAnnotationIntrospector,1481,0.188
com.fasterxml.jackson.databind.introspect.JacksonAnnotationIntrospector,1482,0.188
com.fasterxml.jackson.databind.introspect.JacksonAnnotationIntrospector,1484,0.188
com.fasterxml.jackson.databind.introspect.JacksonAnnotationIntrospector,1492,0.188
com.fasterxml.jackson.databind.introspect.BasicClassIntrospector,151,0.188
com.fasterxml.jackson.databind.introspect.BasicClassIntrospector,152,0.188
com.fasterxml.jackson.databind.introspect.BasicClassIntrospector,156,0.188
com.fasterxml.jackson.databind.introspect.BasicClassIntrospector,11,0.188
com.fasterxml.jackson.databind.cfg.MapperConfig,343,0.188
com.fasterxml.jackson.databind.cfg.MapperConfig,351,0.188
com.fasterxml.jackson.databind.type.TypeBase,109,0.187
com.fasterxml.jackson.databind.introspect.BasicClassIntrospector,288,0.187
com.fasterxml.jackson.databind.introspect.BasicClassIntrospector,305,0.187
com.fasterxml.jackson.databind.introspect.JacksonAnnotationIntrospector,639,0.187
com.fasterxml.jackson.databind.introspect.JacksonAnnotationIntrospector,640,0.187
com.fasterxml.jackson.databind.type.TypeBase,119,0.187
com.fasterxml.jackson.databind.introspect.BasicClassIntrospector,183,0.187
com.fasterxml.jackson.databind.introspect.BasicClassIntrospector,184,0.187
com.fasterxml.jackson.databind.introspect.BasicClassIntrospector,186,0.187
com.fasterxml.jackson.databind.introspect.BasicClassIntrospector,187,0.187
com.fasterxml.jackson.databind.introspect.BasicClassIntrospector,309,0.187
com.fasterxml.jackson.databind.introspect.POJOPropertiesCollector,216,0.187
com.fasterxml.jackson.databind.introspect.POJOPropertiesCollector,220,0.187
com.fasterxml.jackson.databind.introspect.POJOPropertiesCollector,224,0.187
com.fasterxml.jackson.databind.introspect.POJOPropertiesCollector,376,0.187
com.fasterxml.jackson.databind.introspect.POJOPropertiesCollector,377,0.187
com.fasterxml.jackson.databind.introspect.POJOPropertiesCollector,380,0.187
com.fasterxml.jackson.databind.cfg.MapperConfig,252,0.187
com.fasterxml.jackson.databind.cfg.BaseSettings,386,0.187
com.fasterxml.jackson.databind.introspect.BasicBeanDescription,164,0.187
com.fasterxml.jackson.databind.type.TypeBase,117,0.187
com.fasterxml.jackson.databind.introspect.AnnotatedClassResolver,229,0.187
com.fasterxml.jackson.databind.introspect.AnnotatedClassResolver,234,0.187
com.fasterxml.jackson.databind.introspect.AnnotatedClassResolver,238,0.187
com.fasterxml.jackson.databind.introspect.AnnotatedClassResolver,240,0.187
com.fasterxml.jackson.databind.introspect.AnnotatedClassResolver,245,0.187
com.fasterxml.jackson.databind.introspect.AnnotatedClassResolver,251,0.187
com.fasterxml.jackson.databind.introspect.AnnotatedClassResolver,269,0.187
com.fasterxml.jackson.databind.introspect.AnnotatedClassResolver,273,0.187
com.fasterxml.jackson.databind.type.TypeBase,114,0.187
com.fasterxml.jackson.databind.introspect.AnnotatedClassResolver,89,0.187
com.fasterxml.jackson.databind.introspect.AnnotatedClassResolver,135,0.187
com.fasterxml.jackson.databind.introspect.AnnotatedClassResolver,136,0.187
com.fasterxml.jackson.databind.introspect.AnnotatedClassResolver,137,0.187
com.fasterxml.jackson.databind.introspect.AnnotatedClassResolver,144,0.187
com.fasterxml.jackson.databind.introspect.AnnotatedClassResolver,145,0.187
com.fasterxml.jackson.databind.introspect.AnnotatedClassResolver,146,0.187
com.fasterxml.jackson.databind.introspect.AnnotatedClassResolver,225,0.187
com.fasterxml.jackson.databind.introspect.AnnotationCollector,32,0.187
com.fasterxml.jackson.databind.util.ClassUtil,291,0.187
com.fasterxml.jackson.databind.util.ClassUtil,292,0.187
com.fasterxml.jackson.databind.introspect.AnnotatedClassResolver,246,0.187
com.fasterxml.jackson.databind.introspect.AnnotatedClassResolver,247,0.187
com.fasterxml.jackson.databind.JavaType,319,0.187
com.fasterxml.jackson.databind.util.ClassUtil,1198,0.187
com.fasterxml.jackson.databind.introspect.AnnotatedClassResolver,298,0.187
com.fasterxml.jackson.databind.introspect.AnnotatedClassResolver,299,0.187
com.fasterxml.jackson.databind.introspect.AnnotatedClassResolver,309,0.187
com.fasterxml.jackson.databind.introspect.POJOPropertiesCollector,234,0.187
com.fasterxml.jackson.databind.cfg.MapperConfigBase,786,0.187
com.fasterxml.jackson.databind.type.TypeBase,88,0.187
com.fasterxml.jackson.databind.introspect.BasicClassIntrospector,278,0.187
com.fasterxml.jackson.databind.introspect.SimpleMixInResolver,92,0.187
com.fasterxml.jackson.databind.introspect.SimpleMixInResolver,93,0.187
com.fasterxml.jackson.databind.introspect.SimpleMixInResolver,96,0.187
com.fasterxml.jackson.databind.introspect.POJOPropertiesCollector,233,0.187
com.fasterxml.jackson.databind.introspect.AnnotatedClassResolver,166,0.187
com.fasterxml.jackson.databind.introspect.AnnotatedClassResolver,179,0.187
com.fasterxml.jackson.databind.cfg.ConfigOverrides,121,0.187
com.fasterxml.jackson.databind.cfg.ConfigOverrides,122,0.187
com.fasterxml.jackson.databind.util.ClassUtil,299,0.187
com.fasterxml.jackson.databind.introspect.BasicBeanDescription,166,0.187
com.fasterxml.jackson.databind.introspect.BasicBeanDescription,163,0.186
com.fasterxml.jackson.databind.introspect.BasicBeanDescription,239,0.186
com.fasterxml.jackson.databind.introspect.BasicClassIntrospector,230,0.186
com.fasterxml.jackson.databind.introspect.DefaultAccessorNamingStrategy,428,0.186
com.fasterxml.jackson.databind.introspect.JacksonAnnotationIntrospector,364,0.186
com.fasterxml.jackson.databind.introspect.JacksonAnnotationIntrospector,365,0.186
com.fasterxml.jackson.databind.ObjectMapper,3546,0.186
com.fasterxml.jackson.databind.ObjectMapper,3548,0.186
com.fasterxml.jackson.databind.cfg.MapperConfigBase,691,0.186
com.fasterxml.jackson.databind.cfg.MapperConfigBase,694,0.186
com.fasterxml.jackson.databind.cfg.MapperConfigBase,711,0.186
com.fasterxml.jackson.databind.cfg.MapperConfigBase,717,0.186
com.fasterxml.jackson.databind.cfg.MapperConfigBase,718,0.186
com.fasterxml.jackson.databind.cfg.MapperConfigBase,719,0.186
com.fasterxml.jackson.databind.cfg.MapperConfigBase,720,0.186
com.fasterxml.jackson.databind.cfg.MapperConfigBase,722,0.186
com.fasterxml.jackson.databind.cfg.MapperConfigBase,723,0.186
com.fasterxml.jackson.databind.cfg.MapperConfigBase,726,0.186
com.fasterxml.jackson.databind.cfg.ConfigOverrides,196,0.186
com.fasterxml.jackson.databind.introspect.BasicClassIntrospector,317,0.186
com.fasterxml.jackson.databind.introspect.AnnotatedClassResolver,86,0.186
com.fasterxml.jackson.databind.cfg.MapperConfig,165,0.186
com.fasterxml.jackson.databind.util.ClassUtil,1201,0.186
com.fasterxml.jackson.databind.introspect.POJOPropertiesCollector,388,0.186
com.fasterxml.jackson.core.type.ResolvedType,59,0.186
com.fasterxml.jackson.databind.JavaType,391,0.186
com.fasterxml.jackson.databind.JavaType,21,0.186
com.fasterxml.jackson.databind.introspect.POJOPropertiesCollector,385,0.186
com.fasterxml.jackson.databind.introspect.BasicClassIntrospector,274,0.186
com.fasterxml.jackson.databind.ObjectMapper,4733,0.185
com.fasterxml.jackson.databind.util.ClassUtil,1429,0.185
com.fasterxml.jackson.databind.util.ClassUtil,1430,0.185
com.fasterxml.jackson.databind.util.ClassUtil,1431,0.185
com.fasterxml.jackson.databind.util.ClassUtil,1432,0.185
com.fasterxml.jackson.databind.util.ClassUtil,1434,0.185
com.fasterxml.jackson.databind.introspect.AnnotatedCreatorCollector,385,0.185
com.fasterxml.jackson.databind.introspect.AnnotatedCreatorCollector,386,0.185
com.fasterxml.jackson.databind.introspect.AnnotatedCreatorCollector,389,0.185
com.fasterxml.jackson.databind.ObjectMapper,4692,0.185
com.fasterxml.jackson.databind.introspect.JacksonAnnotationIntrospector,641,0.185
com.fasterxml.jackson.databind.ObjectMapper,4656,0.184
com.fasterxml.jackson.databind.DeserializationConfig,774,0.184
com.fasterxml.jackson.databind.DeserializationConfig,777,0.184
com.fasterxml.jackson.databind.DeserializationConfig,780,0.184
com.fasterxml.jackson.databind.util.ClassUtil,1412,0.184
com.fasterxml.jackson.databind.util.ClassUtil,1416,0.184
com.fasterxml.jackson.databind.util.ClassUtil,1417,0.184
com.fasterxml.jackson.databind.util.ClassUtil,1418,0.184
com.fasterxml.jackson.databind.util.ClassUtil,1419,0.184
com.fasterxml.jackson.databind.util.ClassUtil,1421,0.184
com.fasterxml.jackson.databind.introspect.AnnotatedCreatorCollector,117,0.184
com.fasterxml.jackson.databind.introspect.AnnotatedCreatorCollector,120,0.184
com.fasterxml.jackson.databind.introspect.AnnotatedCreatorCollector,148,0.184
com.fasterxml.jackson.databind.introspect.AnnotatedCreatorCollector,178,0.184
com.fasterxml.jackson.databind.introspect.AnnotatedCreatorCollector,181,0.184
com.fasterxml.jackson.databind.introspect.AnnotatedCreatorCollector,188,0.184
com.fasterxml.jackson.databind.introspect.AnnotatedCreatorCollector,384,0.184
com.fasterxml.jackson.databind.introspect.AnnotatedCreatorCollector,404,0.184
com.fasterxml.jackson.databind.util.ClassUtil,1259,0.184
com.fasterxml.jackson.databind.util.ClassUtil,1260,0.184
com.fasterxml.jackson.databind.util.ClassUtil,1261,0.184
com.fasterxml.jackson.databind.util.ClassUtil,1262,0.184
com.fasterxml.jackson.databind.util.ClassUtil,1263,0.184
com.fasterxml.jackson.databind.util.ClassUtil,1265,0.184
com.fasterxml.jackson.databind.util.ClassUtil,827,0.184
com.fasterxml.jackson.databind.BeanDescription,52,0.184
com.fasterxml.jackson.databind.type.TypeBindings,264,0.183
com.fasterxml.jackson.databind.ObjectMapper,4582,0.183
com.fasterxml.jackson.databind.ObjectMapper,4584,0.183
com.fasterxml.jackson.databind.ObjectMapper,4585,0.183
com.fasterxml.jackson.databind.ObjectMapper,4586,0.183
com.fasterxml.jackson.databind.introspect.AnnotatedCreatorCollector,115,0.183
com.fasterxml.jackson.databind.introspect.AnnotatedCreatorCollector,116,0.183
com.fasterxml.jackson.databind.util.ClassUtil,1256,0.183
com.fasterxml.jackson.databind.DeserializationContext,1211,0.183
com.fasterxml.jackson.databind.DeserializationContext,1212,0.183
com.fasterxml.jackson.databind.DeserializationContext,1213,0.183
com.fasterxml.jackson.databind.JsonMappingException,133,0.183
com.fasterxml.jackson.databind.JsonMappingException,134,0.183
com.fasterxml.jackson.databind.JsonMappingException,138,0.183
com.fasterxml.jackson.databind.introspect.JacksonAnnotationIntrospector,1493,0.183
com.fasterxml.jackson.databind.cfg.MapperConfig,272,0.182
com.fasterxml.jackson.databind.cfg.BaseSettings,394,0.182
com.fasterxml.jackson.databind.ext.OptionalHandlerFactory,221,0.182
com.fasterxml.jackson.databind.ext.OptionalHandlerFactory,263,0.182
com.fasterxml.jackson.databind.deser.std.StdValueInstantiator,243,0.181
com.fasterxml.jackson.databind.AnnotationIntrospector,1582,0.181
com.fasterxml.jackson.databind.introspect.AnnotatedMember,101,0.181
com.fasterxml.jackson.databind.introspect.AnnotatedMember,104,0.181
com.fasterxml.jackson.databind.introspect.AnnotationMap,63,0.181
com.fasterxml.jackson.databind.type.SimpleType,218,0.181
com.fasterxml.jackson.databind.type.SimpleType,219,0.181
com.fasterxml.jackson.databind.type.SimpleType,221,0.181
com.fasterxml.jackson.databind.type.SimpleType,225,0.181
com.fasterxml.jackson.databind.type.SimpleType,236,0.181
com.fasterxml.jackson.databind.BeanDescription,50,0.181
com.fasterxml.jackson.databind.ObjectMapper,4728,0.181
com.fasterxml.jackson.databind.ObjectMapper,4729,0.181
com.fasterxml.jackson.databind.util.ClassUtil,828,0.18
com.fasterxml.jackson.core.util.TextBuffer,165,0.18
com.fasterxml.jackson.core.util.TextBuffer,166,0.18
com.fasterxml.jackson.core.util.TextBuffer,167,0.18
com.fasterxml.jackson.core.util.TextBuffer,169,0.18
com.fasterxml.jackson.core.util.TextBuffer,172,0.18
com.fasterxml.jackson.core.util.TextBuffer,174,0.18
com.fasterxml.jackson.core.util.TextBuffer,179,0.18
com.fasterxml.jackson.core.util.TextBuffer,180,0.18
com.fasterxml.jackson.core.util.TextBuffer,187,0.18
com.fasterxml.jackson.databind.ext.OptionalHandlerFactory,262,0.18
com.fasterxml.jackson.databind.ObjectMapper,4590,0.18
com.fasterxml.jackson.databind.ObjectMapper,4593,0.18
com.fasterxml.jackson.databind.ObjectMapper,4594,0.18
com.fasterxml.jackson.databind.util.ClassUtil,246,0.18
com.fasterxml.jackson.databind.util.ClassUtil,248,0.18
com.fasterxml.jackson.databind.util.ClassUtil,249,0.18
com.fasterxml.jackson.databind.util.ClassUtil,253,0.18
com.fasterxml.jackson.databind.util.BeanUtil,298,0.18
com.fasterxml.jackson.databind.util.BeanUtil,301,0.18
com.fasterxml.jackson.databind.util.BeanUtil,309,0.18
com.fasterxml.jackson.databind.util.BeanUtil,313,0.18
com.fasterxml.jackson.databind.util.BeanUtil,327,0.18
com.fasterxml.jackson.databind.util.BeanUtil,338,0.18
com.fasterxml.jackson.databind.util.ClassUtil,176,0.18
com.fasterxml.jackson.databind.util.ClassUtil,181,0.18
com.fasterxml.jackson.databind.util.ClassUtil,167,0.179
com.fasterxml.jackson.databind.util.ClassUtil,170,0.179
com.fasterxml.jackson.databind.util.ClassUtil,173,0.179
com.fasterxml.jackson.databind.ObjectMapper,4587,0.179
com.fasterxml.jackson.databind.introspect.AnnotatedCreatorCollector,210,0.179
com.fasterxml.jackson.databind.introspect.BasicBeanDescription,673,0.179
com.fasterxml.jackson.databind.introspect.JacksonAnnotationIntrospector,1137,0.179
com.fasterxml.jackson.databind.introspect.JacksonAnnotationIntrospector,1191,0.179
com.fasterxml.jackson.databind.introspect.JacksonAnnotationIntrospector,1192,0.179
com.fasterxml.jackson.databind.introspect.JacksonAnnotationIntrospector,1194,0.179
com.fasterxml.jackson.databind.introspect.JacksonAnnotationIntrospector,1197,0.179
com.fasterxml.jackson.databind.introspect.JacksonAnnotationIntrospector,1198,0.179
com.fasterxml.jackson.databind.introspect.JacksonAnnotationIntrospector,1212,0.179
com.fasterxml.jackson.databind.introspect.JacksonAnnotationIntrospector,1228,0.179
com.fasterxml.jackson.databind.introspect.JacksonAnnotationIntrospector,1229,0.179
com.fasterxml.jackson.databind.introspect.JacksonAnnotationIntrospector,1245,0.179
com.fasterxml.jackson.databind.deser.DeserializerCache,333,0.179
com.fasterxml.jackson.databind.deser.DeserializerCache,334,0.179
com.fasterxml.jackson.databind.deser.DeserializerCache,340,0.179
com.fasterxml.jackson.databind.deser.DeserializerCache,341,0.179
com.fasterxml.jackson.databind.deser.DeserializerCache,428,0.179
com.fasterxml.jackson.databind.deser.DeserializerCache,483,0.179
com.fasterxml.jackson.databind.deser.DeserializerCache,484,0.179
com.fasterxml.jackson.databind.deser.DeserializerCache,491,0.179
com.fasterxml.jackson.databind.deser.DeserializerCache,507,0.179
com.fasterxml.jackson.databind.deser.DeserializerCache,508,0.179
com.fasterxml.jackson.databind.deser.DeserializerCache,530,0.179
com.fasterxml.jackson.databind.deser.DeserializerCache,532,0.179
com.fasterxml.jackson.databind.ObjectMapper,1375,0.179
com.fasterxml.jackson.databind.introspect.BasicBeanDescription,158,0.178
com.fasterxml.jackson.databind.introspect.BasicBeanDescription,159,0.178
com.fasterxml.jackson.databind.ext.OptionalHandlerFactory,264,0.178
com.fasterxml.jackson.databind.deser.DeserializerCache,142,0.178
com.fasterxml.jackson.databind.introspect.JacksonAnnotationIntrospector,1129,0.178
com.fasterxml.jackson.databind.introspect.JacksonAnnotationIntrospector,1130,0.178
com.fasterxml.jackson.databind.deser.DeserializerCache,228,0.178
com.fasterxml.jackson.databind.deser.DeserializerCache,230,0.178
com.fasterxml.jackson.databind.deser.DeserializerCache,231,0.178
com.fasterxml.jackson.databind.deser.DeserializerCache,234,0.178
com.fasterxml.jackson.databind.deser.DeserializerCache,236,0.178
com.fasterxml.jackson.databind.deser.DeserializerCache,244,0.178
com.fasterxml.jackson.databind.deser.DeserializerCache,264,0.178
com.fasterxml.jackson.databind.deser.DeserializerCache,318,0.178
com.fasterxml.jackson.databind.deser.DeserializerCache,321,0.178
com.fasterxml.jackson.databind.deser.DeserializerCache,324,0.178
com.fasterxml.jackson.databind.deser.DeserializerCache,326,0.178
com.fasterxml.jackson.databind.deser.DeserializerCache,327,0.178
com.fasterxml.jackson.databind.deser.DeserializerCache,328,0.178
com.fasterxml.jackson.databind.deser.DeserializerCache,426,0.178
com.fasterxml.jackson.databind.deser.DeserializerCache,427,0.178
com.fasterxml.jackson.databind.DeserializationContext,263,0.178
com.fasterxml.jackson.databind.DeserializationContext,285,0.178
com.fasterxml.jackson.databind.DeserializationContext,591,0.178
com.fasterxml.jackson.databind.deser.DeserializerCache,139,0.178
com.fasterxml.jackson.databind.deser.DeserializerCache,140,0.178
com.fasterxml.jackson.databind.deser.DeserializerCache,204,0.178
com.fasterxml.jackson.databind.deser.DeserializerCache,207,0.178
com.fasterxml.jackson.databind.deser.DeserializerCache,210,0.178
com.fasterxml.jackson.databind.deser.DeserializerCache,548,0.178
com.fasterxml.jackson.databind.deser.DeserializerCache,564,0.178
com.fasterxml.jackson.databind.introspect.BasicClassIntrospector,98,0.178
com.fasterxml.jackson.databind.introspect.BasicClassIntrospector,99,0.178
com.fasterxml.jackson.databind.introspect.BasicClassIntrospector,108,0.178
com.fasterxml.jackson.databind.introspect.BasicClassIntrospector,11,0.178
com.fasterxml.jackson.databind.DeserializationConfig,907,0.178
com.fasterxml.jackson.databind.JavaType,265,0.177
com.fasterxml.jackson.databind.introspect.BasicBeanDescription,674,0.177
com.fasterxml.jackson.databind.introspect.JacksonAnnotationIntrospector,1283,0.177
com.fasterxml.jackson.databind.introspect.JacksonAnnotationIntrospector,1284,0.177
com.fasterxml.jackson.core.base.ParserMinimalBase,186,0.177
com.fasterxml.jackson.databind.DeserializationContext,1174,0.177
com.fasterxml.jackson.databind.DeserializationContext,1061,0.177
com.fasterxml.jackson.databind.DeserializationContext,1062,0.177
com.fasterxml.jackson.databind.DeserializationContext,1063,0.177
com.fasterxml.jackson.databind.DeserializationContext,1079,0.177
com.fasterxml.jackson.databind.DeserializationContext,1849,0.177
com.fasterxml.jackson.databind.DeserializationContext,1850,0.177
com.fasterxml.jackson.databind.DeserializationContext,1851,0.177
com.fasterxml.jackson.databind.deser.std.ObjectArrayDeserializer,225,0.177
com.fasterxml.jackson.databind.util.ObjectBuffer,188,0.177
com.fasterxml.jackson.databind.DeserializationContext,1665,0.177
com.fasterxml.jackson.databind.DeserializationContext,1666,0.177
com.fasterxml.jackson.databind.DeserializationContext,1668,0.177
com.fasterxml.jackson.databind.deser.std.StdDeserializer,1432,0.177
com.fasterxml.jackson.databind.deser.std.StdDeserializer,1434,0.177
com.fasterxml.jackson.databind.deser.std.StdDeserializer,1551,0.177
com.fasterxml.jackson.databind.deser.std.StdDeserializer,1552,0.177
com.fasterxml.jackson.databind.deser.std.StdDeserializer,1561,0.177
com.fasterxml.jackson.databind.deser.std.StdDeserializer,1564,0.177
com.fasterxml.jackson.databind.util.StdDateFormat,433,0.177
com.fasterxml.jackson.databind.util.StdDateFormat,434,0.177
com.fasterxml.jackson.databind.util.StdDateFormat,435,0.177
com.fasterxml.jackson.databind.util.StdDateFormat,437,0.177
com.fasterxml.jackson.databind.util.StdDateFormat,438,0.177
com.fasterxml.jackson.databind.util.StdDateFormat,444,0.177
com.fasterxml.jackson.databind.util.StdDateFormat,445,0.177
com.fasterxml.jackson.databind.util.StdDateFormat,447,0.177
com.fasterxml.jackson.databind.util.StdDateFormat,450,0.177
com.fasterxml.jackson.databind.util.StdDateFormat,453,0.177
com.fasterxml.jackson.databind.util.StdDateFormat,461,0.177
com.fasterxml.jackson.databind.util.StdDateFormat,463,0.177
com.fasterxml.jackson.databind.util.StdDateFormat,464,0.177
com.fasterxml.jackson.databind.util.StdDateFormat,465,0.177
com.fasterxml.jackson.databind.util.StdDateFormat,466,0.177
com.fasterxml.jackson.databind.util.StdDateFormat,467,0.177
com.fasterxml.jackson.databind.util.StdDateFormat,468,0.177
com.fasterxml.jackson.databind.util.StdDateFormat,469,0.177
com.fasterxml.jackson.databind.util.StdDateFormat,470,0.177
com.fasterxml.jackson.databind.util.StdDateFormat,471,0.177
com.fasterxml.jackson.databind.util.StdDateFormat,472,0.177
com.fasterxml.jackson.databind.util.StdDateFormat,473,0.177
com.fasterxml.jackson.databind.util.StdDateFormat,474,0.177
com.fasterxml.jackson.databind.util.StdDateFormat,476,0.177
com.fasterxml.jackson.databind.util.StdDateFormat,477,0.177
com.fasterxml.jackson.databind.util.StdDateFormat,492,0.177
com.fasterxml.jackson.databind.util.StdDateFormat,493,0.177
com.fasterxml.jackson.databind.util.StdDateFormat,498,0.177
com.fasterxml.jackson.databind.util.StdDateFormat,516,0.177
com.fasterxml.jackson.databind.util.StdDateFormat,517,0.177
com.fasterxml.jackson.databind.util.StdDateFormat,520,0.177
com.fasterxml.jackson.databind.util.StdDateFormat,521,0.177
com.fasterxml.jackson.databind.util.StdDateFormat,523,0.177
com.fasterxml.jackson.databind.util.StdDateFormat,524,0.177
com.fasterxml.jackson.databind.util.StdDateFormat,527,0.177
com.fasterxml.jackson.databind.util.StdDateFormat,528,0.177
com.fasterxml.jackson.databind.util.StdDateFormat,534,0.177
com.fasterxml.jackson.databind.util.StdDateFormat,535,0.177
com.fasterxml.jackson.databind.util.StdDateFormat,538,0.177
com.fasterxml.jackson.databind.util.StdDateFormat,539,0.177
com.fasterxml.jackson.databind.util.StdDateFormat,542,0.177
com.fasterxml.jackson.databind.util.StdDateFormat,545,0.177
com.fasterxml.jackson.databind.util.StdDateFormat,547,0.177
com.fasterxml.jackson.databind.util.StdDateFormat,549,0.177
com.fasterxml.jackson.databind.util.StdDateFormat,550,0.177
com.fasterxml.jackson.databind.deser.DefaultDeserializationContext,413,0.177
com.fasterxml.jackson.databind.DeserializationConfig,851,0.177
com.fasterxml.jackson.databind.introspect.BasicClassIntrospector,104,0.176
com.fasterxml.jackson.databind.introspect.BasicBeanDescription,139,0.176
com.fasterxml.jackson.core.JsonStreamContext,118,0.176
com.fasterxml.jackson.databind.introspect.JacksonAnnotationIntrospector,306,0.176
com.fasterxml.jackson.annotation.JsonIgnoreProperties,192,0.176
com.fasterxml.jackson.databind.deser.DeserializerCache,349,0.175
com.fasterxml.jackson.databind.introspect.BasicBeanDescription,687,0.175
com.fasterxml.jackson.databind.cfg.DeserializerFactoryConfig,189,0.175
com.fasterxml.jackson.databind.deser.DeserializerCache,347,0.175
com.fasterxml.jackson.databind.deser.DeserializerCache,348,0.175
com.fasterxml.jackson.databind.deser.DeserializerCache,365,0.175
com.fasterxml.jackson.databind.deser.DeserializerCache,370,0.175
com.fasterxml.jackson.databind.introspect.BasicClassIntrospector,153,0.175
com.fasterxml.jackson.databind.introspect.BasicClassIntrospector,154,0.175
com.fasterxml.jackson.databind.introspect.JacksonAnnotationIntrospector,304,0.175
com.fasterxml.jackson.databind.introspect.JacksonAnnotationIntrospector,305,0.175
com.fasterxml.jackson.databind.introspect.JacksonAnnotationIntrospector,321,0.175
com.fasterxml.jackson.databind.introspect.JacksonAnnotationIntrospector,322,0.175
com.fasterxml.jackson.databind.introspect.JacksonAnnotationIntrospector,323,0.175
com.fasterxml.jackson.databind.cfg.MapperConfigBase,657,0.175
com.fasterxml.jackson.databind.cfg.MapperConfigBase,658,0.175
com.fasterxml.jackson.databind.cfg.MapperConfigBase,666,0.175
com.fasterxml.jackson.databind.cfg.MapperConfigBase,673,0.175
com.fasterxml.jackson.databind.cfg.MapperConfigBase,674,0.175
com.fasterxml.jackson.databind.cfg.MapperConfigBase,675,0.175
com.fasterxml.jackson.databind.cfg.MapperConfigBase,676,0.175
com.fasterxml.jackson.databind.cfg.MapperConfigBase,677,0.175
com.fasterxml.jackson.databind.cfg.MapperConfigBase,684,0.175
com.fasterxml.jackson.databind.cfg.MapperConfigBase,685,0.175
com.fasterxml.jackson.annotation.JsonIgnoreProperties,206,0.175
com.fasterxml.jackson.annotation.JsonIgnoreProperties,207,0.175
com.fasterxml.jackson.annotation.JsonIgnoreProperties,247,0.175
com.fasterxml.jackson.annotation.JsonIgnoreProperties,248,0.175
com.fasterxml.jackson.annotation.JsonIncludeProperties,80,0.175
com.fasterxml.jackson.annotation.JsonIncludeProperties,94,0.175
com.fasterxml.jackson.databind.util.ClassUtil,642,0.175
com.fasterxml.jackson.databind.util.ClassUtil,645,0.175
com.fasterxml.jackson.databind.type.SimpleType,307,0.175
com.fasterxml.jackson.databind.type.SimpleType,308,0.175
com.fasterxml.jackson.databind.type.SimpleType,309,0.175
com.fasterxml.jackson.databind.deser.BasicDeserializerFactory,2567,0.175
com.fasterxml.jackson.databind.deser.BasicDeserializerFactory,274,0.175
com.fasterxml.jackson.databind.deser.BasicDeserializerFactory,279,0.175
com.fasterxml.jackson.databind.deser.BasicDeserializerFactory,282,0.175
com.fasterxml.jackson.databind.deser.BasicDeserializerFactory,352,0.175
com.fasterxml.jackson.databind.deser.BasicDeserializerFactory,639,0.175
com.fasterxml.jackson.databind.deser.BasicDeserializerFactory,640,0.175
com.fasterxml.jackson.databind.deser.BasicDeserializerFactory,641,0.175
com.fasterxml.jackson.databind.deser.BasicDeserializerFactory,642,0.175
com.fasterxml.jackson.databind.deser.BasicDeserializerFactory,643,0.175
com.fasterxml.jackson.databind.deser.BasicDeserializerFactory,646,0.175
com.fasterxml.jackson.databind.deser.BasicDeserializerFactory,686,0.175
com.fasterxml.jackson.databind.cfg.ConstructorDetector,174,0.175
com.fasterxml.jackson.databind.deser.BasicDeserializerFactory,1776,0.175
com.fasterxml.jackson.databind.deser.BasicDeserializerFactory,1777,0.175
com.fasterxml.jackson.databind.deser.BasicDeserializerFactory,1778,0.175
com.fasterxml.jackson.databind.deser.BasicDeserializerFactory,1779,0.175
com.fasterxml.jackson.databind.deser.BasicDeserializerFactory,1783,0.175
com.fasterxml.jackson.databind.deser.BasicDeserializerFactory,1784,0.175
com.fasterxml.jackson.databind.introspect.BasicClassIntrospector,102,0.175
com.fasterxml.jackson.databind.introspect.BasicClassIntrospector,103,0.175
com.fasterxml.jackson.databind.DeserializationConfig,888,0.175
com.fasterxml.jackson.databind.DeserializationConfig,889,0.175
com.fasterxml.jackson.databind.deser.BasicDeserializerFactory,258,0.175
com.fasterxml.jackson.databind.deser.BasicDeserializerFactory,260,0.175
com.fasterxml.jackson.databind.deser.BasicDeserializerFactory,261,0.175
com.fasterxml.jackson.databind.deser.BasicDeserializerFactory,262,0.175
com.fasterxml.jackson.databind.deser.BasicDeserializerFactory,271,0.175
com.fasterxml.jackson.databind.deser.BasicDeserializerFactory,272,0.175
com.fasterxml.jackson.databind.deser.BasicDeserializerFactory,327,0.175
com.fasterxml.jackson.databind.deser.BasicDeserializerFactory,328,0.175
com.fasterxml.jackson.databind.introspect.BasicBeanDescription,690,0.174
com.fasterxml.jackson.databind.JavaType,275,0.174
com.fasterxml.jackson.databind.JavaType,276,0.174
com.fasterxml.jackson.core.json.ReaderBasedJsonParser,173,0.174
com.fasterxml.jackson.core.io.IOContext,228,0.174
com.fasterxml.jackson.core.io.IOContext,229,0.174
com.fasterxml.jackson.core.JsonFactory,534,0.174
com.fasterxml.jackson.core.JsonFactory,1165,0.174
com.fasterxml.jackson.core.JsonFactory,1166,0.174
com.fasterxml.jackson.core.JsonFactory,1167,0.174
com.fasterxml.jackson.core.JsonFactory,1168,0.174
com.fasterxml.jackson.core.JsonFactory,1702,0.174
com.fasterxml.jackson.core.JsonFactory,1703,0.174
com.fasterxml.jackson.databind.introspect.JacksonAnnotationIntrospector,376,0.174
com.fasterxml.jackson.databind.introspect.JacksonAnnotationIntrospector,377,0.174
com.fasterxml.jackson.databind.introspect.JacksonAnnotationIntrospector,1455,0.174
com.fasterxml.jackson.databind.introspect.JacksonAnnotationIntrospector,1468,0.174
com.fasterxml.jackson.databind.introspect.BasicBeanDescription,555,0.173
com.fasterxml.jackson.databind.introspect.BasicBeanDescription,556,0.173
com.fasterxml.jackson.databind.type.SimpleType,212,0.173
com.fasterxml.jackson.databind.introspect.POJOPropertiesCollector,386,0.173
com.fasterxml.jackson.core.JsonFactory,1158,0.173
com.fasterxml.jackson.core.JsonFactory,1160,0.173
com.fasterxml.jackson.core.io.IOContext,277,0.173
com.fasterxml.jackson.core.io.IOContext,278,0.173
com.fasterxml.jackson.core.io.IOContext,279,0.173
com.fasterxml.jackson.core.io.IOContext,280,0.173
com.fasterxml.jackson.core.io.IOContext,282,0.173
com.fasterxml.jackson.core.sym.CharsToNameCanonicalizer,330,0.173
com.fasterxml.jackson.core.sym.CharsToNameCanonicalizer,393,0.173
com.fasterxml.jackson.core.json.ReaderBasedJsonParser,212,0.173
com.fasterxml.jackson.core.json.ReaderBasedJsonParser,218,0.173
com.fasterxml.jackson.core.json.ReaderBasedJsonParser,229,0.173
com.fasterxml.jackson.core.json.ReaderBasedJsonParser,231,0.173
com.fasterxml.jackson.core.json.ReaderBasedJsonParser,233,0.173
com.fasterxml.jackson.core.json.ReaderBasedJsonParser,234,0.173
com.fasterxml.jackson.core.json.ReaderBasedJsonParser,235,0.173
com.fasterxml.jackson.core.json.ReaderBasedJsonParser,236,0.173
com.fasterxml.jackson.core.json.ReaderBasedJsonParser,237,0.173
com.fasterxml.jackson.core.json.ReaderBasedJsonParser,240,0.173
com.fasterxml.jackson.core.json.ReaderBasedJsonParser,668,0.173
com.fasterxml.jackson.core.json.ReaderBasedJsonParser,673,0.173
com.fasterxml.jackson.core.json.ReaderBasedJsonParser,674,0.173
com.fasterxml.jackson.core.json.ReaderBasedJsonParser,677,0.173
com.fasterxml.jackson.core.json.ReaderBasedJsonParser,678,0.173
com.fasterxml.jackson.core.json.ReaderBasedJsonParser,2388,0.173
com.fasterxml.jackson.core.json.ReaderBasedJsonParser,2393,0.173
com.fasterxml.jackson.core.json.ReaderBasedJsonParser,2394,0.173
com.fasterxml.jackson.databind.introspect.JacksonAnnotationIntrospector,1170,0.173
com.fasterxml.jackson.databind.introspect.JacksonAnnotationIntrospector,1171,0.173
com.fasterxml.jackson.core.sym.CharsToNameCanonicalizer,274,0.173
com.fasterxml.jackson.core.sym.CharsToNameCanonicalizer,319,0.173
com.fasterxml.jackson.core.sym.CharsToNameCanonicalizer,394,0.173
com.fasterxml.jackson.core.base.ParserBase,368,0.172
com.fasterxml.jackson.core.base.ParserBase,370,0.172
com.fasterxml.jackson.core.base.ParserBase,371,0.172
com.fasterxml.jackson.core.base.ParserBase,373,0.172
com.fasterxml.jackson.core.base.ParserBase,377,0.172
com.fasterxml.jackson.core.base.ParserBase,378,0.172
com.fasterxml.jackson.core.base.ParserBase,380,0.172
com.fasterxml.jackson.core.base.ParserBase,473,0.172
com.fasterxml.jackson.core.base.ParserBase,474,0.172
com.fasterxml.jackson.core.base.ParserBase,475,0.172
com.fasterxml.jackson.core.base.ParserBase,479,0.172
com.fasterxml.jackson.databind.introspect.AnnotationMap,70,0.172
com.fasterxml.jackson.core.io.IOContext,134,0.172
com.fasterxml.jackson.core.JsonParser,361,0.172
com.fasterxml.jackson.core.json.JsonReadContext,118,0.172
com.fasterxml.jackson.databind.type.TypeFactory,1495,0.171
com.fasterxml.jackson.databind.type.TypeFactory,1496,0.171
com.fasterxml.jackson.databind.type.TypeFactory,1562,0.171
com.fasterxml.jackson.databind.type.TypeFactory,1570,0.171
com.fasterxml.jackson.databind.type.TypeFactory,1572,0.171
com.fasterxml.jackson.databind.type.TypeFactory,1325,0.171
com.fasterxml.jackson.databind.type.TypeFactory,1555,0.171
com.fasterxml.jackson.databind.type.TypeFactory,1551,0.171
com.fasterxml.jackson.databind.introspect.BasicBeanDescription,557,0.171
com.fasterxml.jackson.databind.deser.BasicDeserializerFactory,2588,0.171
com.fasterxml.jackson.databind.deser.std.StdValueInstantiator,132,0.171
com.fasterxml.jackson.databind.deser.std.StdValueInstantiator,133,0.171
com.fasterxml.jackson.databind.deser.std.StdValueInstantiator,134,0.171
com.fasterxml.jackson.databind.deser.std.StdValueInstantiator,135,0.171
com.fasterxml.jackson.databind.deser.std.StdValueInstantiator,136,0.171
com.fasterxml.jackson.databind.deser.std.StdValueInstantiator,137,0.171
com.fasterxml.jackson.databind.deser.std.StdValueInstantiator,138,0.171
com.fasterxml.jackson.databind.deser.std.StdValueInstantiator,145,0.171
com.fasterxml.jackson.databind.deser.std.StdValueInstantiator,146,0.171
com.fasterxml.jackson.databind.deser.std.StdValueInstantiator,147,0.171
com.fasterxml.jackson.databind.deser.std.StdValueInstantiator,148,0.171
com.fasterxml.jackson.databind.deser.std.StdValueInstantiator,151,0.171
com.fasterxml.jackson.databind.deser.std.StdValueInstantiator,152,0.171
com.fasterxml.jackson.databind.deser.std.StdValueInstantiator,155,0.171
com.fasterxml.jackson.databind.deser.std.StdValueInstantiator,156,0.171
com.fasterxml.jackson.databind.deser.std.StdValueInstantiator,159,0.171
com.fasterxml.jackson.databind.deser.std.StdValueInstantiator,160,0.171
com.fasterxml.jackson.databind.deser.std.StdValueInstantiator,162,0.171
com.fasterxml.jackson.databind.deser.std.StdValueInstantiator,165,0.171
com.fasterxml.jackson.databind.deser.std.StdValueInstantiator,166,0.171
com.fasterxml.jackson.databind.deser.std.StdValueInstantiator,168,0.171
com.fasterxml.jackson.databind.deser.std.StdValueInstantiator,171,0.171
com.fasterxml.jackson.databind.deser.std.StdValueInstantiator,172,0.171
com.fasterxml.jackson.databind.deser.impl.CreatorCollector,90,0.171
com.fasterxml.jackson.databind.deser.impl.CreatorCollector,91,0.171
com.fasterxml.jackson.databind.deser.impl.CreatorCollector,93,0.171
com.fasterxml.jackson.databind.deser.impl.CreatorCollector,95,0.171
com.fasterxml.jackson.databind.deser.impl.CreatorCollector,97,0.171
com.fasterxml.jackson.databind.deser.impl.CreatorCollector,98,0.171
com.fasterxml.jackson.databind.deser.impl.CreatorCollector,101,0.171
com.fasterxml.jackson.databind.deser.impl.CreatorCollector,103,0.171
com.fasterxml.jackson.databind.deser.impl.CreatorCollector,104,0.171
com.fasterxml.jackson.databind.deser.impl.CreatorCollector,105,0.171
com.fasterxml.jackson.databind.deser.impl.CreatorCollector,106,0.171
com.fasterxml.jackson.databind.deser.impl.CreatorCollector,107,0.171
com.fasterxml.jackson.databind.deser.impl.CreatorCollector,108,0.171
com.fasterxml.jackson.databind.deser.impl.CreatorCollector,109,0.171
com.fasterxml.jackson.databind.deser.impl.CreatorCollector,110,0.171
com.fasterxml.jackson.databind.deser.impl.CreatorCollector,239,0.171
com.fasterxml.jackson.databind.deser.impl.CreatorCollector,240,0.171
com.fasterxml.jackson.databind.deser.BasicDeserializerFactory,317,0.171
com.fasterxml.jackson.databind.deser.BasicDeserializerFactory,321,0.171
com.fasterxml.jackson.databind.type.TypeFactory,1493,0.171
com.fasterxml.jackson.databind.type.TypeFactory,1494,0.171
com.fasterxml.jackson.databind.type.TypeFactory,1544,0.171
com.fasterxml.jackson.databind.type.TypeFactory,1548,0.171
com.fasterxml.jackson.databind.deser.impl.JDKValueInstantiators,44,0.171
com.fasterxml.jackson.databind.type.TypeFactory,1525,0.17
com.fasterxml.jackson.databind.deser.DeserializerCache,373,0.17
com.fasterxml.jackson.databind.type.TypeFactory,1489,0.17
com.fasterxml.jackson.databind.type.TypeFactory,1518,0.17
com.fasterxml.jackson.databind.JsonMappingException,146,0.17
com.fasterxml.jackson.databind.JsonMappingException,147,0.17
com.fasterxml.jackson.core.JsonProcessingException,73,0.17
com.fasterxml.jackson.databind.deser.BasicDeserializerFactory,2084,0.17
com.fasterxml.jackson.databind.deser.BasicDeserializerFactory,2093,0.17
com.fasterxml.jackson.databind.deser.BasicDeserializerFactory,2105,0.17
com.fasterxml.jackson.databind.deser.BasicDeserializerFactory,2106,0.17
com.fasterxml.jackson.databind.cfg.DeserializerFactoryConfig,182,0.17
com.fasterxml.jackson.databind.type.TypeFactory,1448,0.17
com.fasterxml.jackson.databind.type.TypeFactory,1449,0.17
com.fasterxml.jackson.databind.type.TypeFactory,1463,0.17
com.fasterxml.jackson.databind.type.TypeFactory,1503,0.17
com.fasterxml.jackson.databind.type.TypeFactory,1506,0.17
com.fasterxml.jackson.databind.type.TypeFactory,1507,0.17
com.fasterxml.jackson.databind.type.TypeFactory,1509,0.17
com.fasterxml.jackson.databind.util.LRUMap,61,0.17
com.fasterxml.jackson.databind.util.LRUMap,68,0.17
com.fasterxml.jackson.databind.type.ClassStack,55,0.17
com.fasterxml.jackson.databind.type.ClassStack,60,0.17
com.fasterxml.jackson.databind.JavaType,518,0.17
com.fasterxml.jackson.databind.type.TypeFactory,1477,0.169
com.fasterxml.jackson.databind.type.TypeFactory,1478,0.169
com.fasterxml.jackson.databind.type.TypeFactory,1514,0.169
com.fasterxml.jackson.databind.type.TypeFactory,1515,0.169
com.fasterxml.jackson.databind.util.ClassUtil,1282,0.169
com.fasterxml.jackson.core.json.ReaderBasedJsonParser,685,0.169
com.fasterxml.jackson.core.json.ReaderBasedJsonParser,688,0.169
com.fasterxml.jackson.core.json.ReaderBasedJsonParser,694,0.169
com.fasterxml.jackson.core.json.ReaderBasedJsonParser,709,0.169
com.fasterxml.jackson.core.json.ReaderBasedJsonParser,710,0.169
com.fasterxml.jackson.core.json.ReaderBasedJsonParser,718,0.169
com.fasterxml.jackson.core.json.ReaderBasedJsonParser,724,0.169
com.fasterxml.jackson.core.json.ReaderBasedJsonParser,785,0.169
com.fasterxml.jackson.core.json.ReaderBasedJsonParser,789,0.169
com.fasterxml.jackson.core.json.ReaderBasedJsonParser,790,0.169
com.fasterxml.jackson.core.json.ReaderBasedJsonParser,2859,0.169
com.fasterxml.jackson.core.json.ReaderBasedJsonParser,2860,0.169
com.fasterxml.jackson.core.json.ReaderBasedJsonParser,2861,0.169
com.fasterxml.jackson.core.json.ReaderBasedJsonParser,2862,0.169
com.fasterxml.jackson.core.json.ReaderBasedJsonParser,2863,0.169
com.fasterxml.jackson.databind.introspect.JacksonAnnotationIntrospector,1325,0.169
com.fasterxml.jackson.databind.introspect.JacksonAnnotationIntrospector,491,0.169
com.fasterxml.jackson.databind.JavaType,344,0.169
com.fasterxml.jackson.databind.introspect.JacksonAnnotationIntrospector,489,0.169
com.fasterxml.jackson.databind.introspect.JacksonAnnotationIntrospector,490,0.169
com.fasterxml.jackson.databind.deser.BasicDeserializerFactory,221,0.169
com.fasterxml.jackson.databind.deser.BasicDeserializerFactory,222,0.169
com.fasterxml.jackson.databind.deser.impl.JDKValueInstantiators,29,0.169
com.fasterxml.jackson.databind.deser.impl.JDKValueInstantiators,34,0.169
com.fasterxml.jackson.databind.deser.BasicDeserializerFactory,1787,0.169
com.fasterxml.jackson.core.json.JsonReadContext,200,0.169
com.fasterxml.jackson.core.json.JsonReadContext,201,0.169
com.fasterxml.jackson.databind.introspect.JacksonAnnotationIntrospector,1275,0.169
com.fasterxml.jackson.databind.introspect.JacksonAnnotationIntrospector,1277,0.169

