com.fasterxml.jackson.core.JsonProcessingException,143,0.504
com.fasterxml.jackson.core.base.ParserMinimalBase,599,0.504
com.fasterxml.jackson.core.base.ParserMinimalBase,604,0.504
com.fasterxml.jackson.core.base.ParserMinimalBase,605,0.504
com.fasterxml.jackson.core.base.ParserMinimalBase,606,0.429
com.fasterxml.jackson.core.base.ParserMinimalBase,584,0.378
com.fasterxml.jackson.core.base.ParserMinimalBase,589,0.378
com.fasterxml.jackson.core.base.ParserMinimalBase,590,0.378
com.fasterxml.jackson.core.base.ParserMinimalBase,568,0.338
com.fasterxml.jackson.core.base.ParserMinimalBase,569,0.338
com.fasterxml.jackson.core.testsupport.AsyncReaderWrapper,64,0.327
com.fasterxml.jackson.core.base.ParserBase,896,0.327
com.fasterxml.jackson.core.base.ParserBase,916,0.327
com.fasterxml.jackson.core.base.ParserBase,587,0.309
com.fasterxml.jackson.core.base.ParserBase,591,0.309
com.fasterxml.jackson.core.base.ParserBase,934,0.283
com.fasterxml.jackson.core.base.ParserBase,935,0.283
com.fasterxml.jackson.core.base.ParserBase,936,0.283
com.fasterxml.jackson.core.base.ParserBase,794,0.276
com.fasterxml.jackson.core.base.ParserBase,588,0.267
com.fasterxml.jackson.core.base.ParserBase,595,0.267
com.fasterxml.jackson.core.base.ParserBase,598,0.267
com.fasterxml.jackson.core.base.ParserBase,599,0.267
com.fasterxml.jackson.core.base.ParserBase,968,0.267
com.fasterxml.jackson.core.base.ParserBase,969,0.267
com.fasterxml.jackson.core.base.ParserBase,970,0.267
com.fasterxml.jackson.core.base.ParserMinimalBase,579,0.267
com.fasterxml.jackson.core.base.ParserBase,919,0.267
com.fasterxml.jackson.core.base.ParserMinimalBase,608,0.267
com.fasterxml.jackson.core.base.ParserMinimalBase,611,0.267
com.fasterxml.jackson.core.base.ParserBase,895,0.262
com.fasterxml.jackson.core.base.ParserBase,592,0.254
com.fasterxml.jackson.core.base.ParserBase,682,0.254
com.fasterxml.jackson.core.base.ParserBase,683,0.254
com.fasterxml.jackson.core.base.ParserBase,932,0.254
com.fasterxml.jackson.core.base.ParserBase,692,0.25
com.fasterxml.jackson.core.io.NumberInput,179,0.231
com.fasterxml.jackson.core.base.ParserBase,816,0.223
com.fasterxml.jackson.core.base.ParserBase,880,0.223
com.fasterxml.jackson.core.base.ParserBase,882,0.223
com.fasterxml.jackson.core.base.ParserBase,883,0.223
com.fasterxml.jackson.core.base.ParserBase,884,0.223
com.fasterxml.jackson.core.base.ParserBase,885,0.223
com.fasterxml.jackson.core.base.ParserBase,889,0.223
com.fasterxml.jackson.core.base.ParserBase,693,0.222
com.fasterxml.jackson.core.json.UTF8StreamJsonParser,2688,0.218
com.fasterxml.jackson.core.io.NumberInput,171,0.217
com.fasterxml.jackson.core.io.NumberInput,172,0.217
com.fasterxml.jackson.core.io.NumberInput,173,0.217
com.fasterxml.jackson.core.io.NumberInput,174,0.217
com.fasterxml.jackson.core.util.TextBuffer,411,0.211
com.fasterxml.jackson.core.json.async.NonBlockingJsonParser,647,0.207
com.fasterxml.jackson.core.base.ParserBase,657,0.2
com.fasterxml.jackson.core.base.ParserBase,1106,0.195
com.fasterxml.jackson.core.base.ParserMinimalBase,720,0.195
com.fasterxml.jackson.core.json.async.NonBlockingJsonParser,1316,0.192
com.fasterxml.jackson.core.json.async.NonBlockingJsonParser,1317,0.192
com.fasterxml.jackson.core.json.async.NonBlockingJsonParser,1318,0.192
com.fasterxml.jackson.core.json.ByteSourceJsonBootstrapper,140,0.189
com.fasterxml.jackson.core.json.ByteSourceJsonBootstrapper,169,0.189
com.fasterxml.jackson.core.json.ByteSourceJsonBootstrapper,170,0.189
com.fasterxml.jackson.core.json.ByteSourceJsonBootstrapper,466,0.189
com.fasterxml.jackson.core.json.ByteSourceJsonBootstrapper,467,0.189
com.fasterxml.jackson.core.json.ByteSourceJsonBootstrapper,468,0.189
com.fasterxml.jackson.core.json.ByteSourceJsonBootstrapper,469,0.189
com.fasterxml.jackson.core.json.async.NonBlockingJsonParser,279,0.189
com.fasterxml.jackson.core.json.async.NonBlockingJsonParser,280,0.189
com.fasterxml.jackson.core.json.async.NonBlockingJsonParser,1597,0.189
com.fasterxml.jackson.core.json.async.NonBlockingJsonParser,1600,0.189
com.fasterxml.jackson.core.json.async.NonBlockingJsonParser,1605,0.189
com.fasterxml.jackson.core.json.async.NonBlockingJsonParser,1606,0.189
com.fasterxml.jackson.core.base.ParserBase,812,0.189
com.fasterxml.jackson.core.base.ParserBase,813,0.189
com.fasterxml.jackson.core.base.ParserBase,814,0.189
com.fasterxml.jackson.core.json.ReaderBasedJsonParser,2899,0.189
com.fasterxml.jackson.core.json.ReaderBasedJsonParser,2900,0.189
com.fasterxml.jackson.core.json.UTF8StreamJsonParser,3589,0.189
com.fasterxml.jackson.core.json.UTF8StreamJsonParser,3590,0.189
com.fasterxml.jackson.core.base.ParserBase,606,0.189
com.fasterxml.jackson.core.base.ParserBase,609,0.189
com.fasterxml.jackson.core.base.ParserBase,612,0.189
com.fasterxml.jackson.core.json.async.NonBlockingJsonParser,1239,0.189
com.fasterxml.jackson.core.json.async.NonBlockingJsonParser,1244,0.189
com.fasterxml.jackson.core.json.async.NonBlockingJsonParser,1245,0.189
com.fasterxml.jackson.core.json.async.NonBlockingJsonParser,1246,0.189
com.fasterxml.jackson.core.base.ParserBase,917,0.189
com.fasterxml.jackson.core.base.ParserMinimalBase,563,0.189
com.fasterxml.jackson.core.base.ParserBase,780,0.187
com.fasterxml.jackson.core.base.ParserBase,785,0.187
com.fasterxml.jackson.core.json.async.NonBlockingJsonParser,1311,0.184
com.fasterxml.jackson.core.json.async.NonBlockingJsonParser,1312,0.184
com.fasterxml.jackson.core.json.async.NonBlockingJsonParser,1313,0.184
com.fasterxml.jackson.core.json.async.NonBlockingJsonParser,1315,0.184
com.fasterxml.jackson.core.base.ParserBase,786,0.182
com.fasterxml.jackson.core.base.ParserBase,788,0.182
com.fasterxml.jackson.core.base.ParserBase,694,0.173
com.fasterxml.jackson.core.util.TextBuffer,775,0.172
com.fasterxml.jackson.core.testsupport.AsyncReaderWrapperForByteArray,50,0.172
com.fasterxml.jackson.core.testsupport.AsyncReaderWrapperForByteArray,51,0.172
com.fasterxml.jackson.core.testsupport.AsyncReaderWrapperForByteArray,52,0.172
com.fasterxml.jackson.core.json.UTF8StreamJsonParser,2687,0.169
com.fasterxml.jackson.core.json.UTF8StreamJsonParser,3587,0.169
com.fasterxml.jackson.core.json.UTF8StreamJsonParser,3588,0.169
com.fasterxml.jackson.core.json.UTF8StreamJsonParser,3592,0.169
com.fasterxml.jackson.core.base.ParserBase,967,0.169
com.fasterxml.jackson.core.base.ParserBase,660,0.169
com.fasterxml.jackson.core.json.UTF8StreamJsonParser,868,0.168
com.fasterxml.jackson.core.json.JsonReadContext,200,0.167
com.fasterxml.jackson.core.json.JsonReadContext,201,0.167
com.fasterxml.jackson.core.JsonParser,361,0.166
com.fasterxml.jackson.core.io.IOContext,134,0.166
com.fasterxml.jackson.core.json.JsonReadContext,118,0.166
com.fasterxml.jackson.core.util.BufferRecyclers,65,0.164
com.fasterxml.jackson.core.util.BufferRecyclers,66,0.164
com.fasterxml.jackson.core.util.BufferRecyclers,68,0.164
com.fasterxml.jackson.core.util.BufferRecyclers,77,0.164
com.fasterxml.jackson.core.JsonFactory,1920,0.164
com.fasterxml.jackson.core.JsonFactory,1919,0.164
com.fasterxml.jackson.core.base.ParserBase,1232,0.163
com.fasterxml.jackson.core.base.ParserBase,1231,0.163
com.fasterxml.jackson.core.io.IOContext,123,0.163
com.fasterxml.jackson.core.JsonFactory,152,0.162
com.fasterxml.jackson.core.JsonFactory,154,0.162
com.fasterxml.jackson.core.JsonLocation,187,0.161
com.fasterxml.jackson.core.base.ParserMinimalBase,186,0.161
com.fasterxml.jackson.core.sym.ByteQuadsCanonicalizer,314,0.158
com.fasterxml.jackson.core.sym.ByteQuadsCanonicalizer,315,0.158
com.fasterxml.jackson.core.sym.ByteQuadsCanonicalizer,317,0.158
com.fasterxml.jackson.core.sym.ByteQuadsCanonicalizer,318,0.158
com.fasterxml.jackson.core.base.ParserBase,696,0.158
com.fasterxml.jackson.core.json.UTF8StreamJsonParser,1423,0.157
com.fasterxml.jackson.core.json.UTF8StreamJsonParser,1424,0.157
com.fasterxml.jackson.core.io.NumberInput,176,0.157
com.fasterxml.jackson.core.io.NumberInput,177,0.157
com.fasterxml.jackson.core.io.NumberInput,178,0.157
com.fasterxml.jackson.core.exc.StreamReadException,104,0.156
com.fasterxml.jackson.core.exc.StreamReadException,105,0.156
com.fasterxml.jackson.core.exc.StreamReadException,108,0.156
com.fasterxml.jackson.core.JsonProcessingException,128,0.156
com.fasterxml.jackson.core.JsonProcessingException,129,0.156
com.fasterxml.jackson.core.JsonProcessingException,130,0.156
com.fasterxml.jackson.core.JsonProcessingException,133,0.156
com.fasterxml.jackson.core.JsonProcessingException,134,0.156
com.fasterxml.jackson.core.JsonProcessingException,135,0.156
com.fasterxml.jackson.core.JsonProcessingException,136,0.156
com.fasterxml.jackson.core.JsonProcessingException,138,0.156
com.fasterxml.jackson.core.util.TextBuffer,449,0.156
com.fasterxml.jackson.core.util.TextBuffer,450,0.156
com.fasterxml.jackson.core.util.TextBuffer,452,0.156
com.fasterxml.jackson.core.JsonLocation,162,0.156
com.fasterxml.jackson.core.JsonLocation,163,0.156
com.fasterxml.jackson.core.JsonLocation,164,0.156
com.fasterxml.jackson.core.JsonLocation,165,0.156
com.fasterxml.jackson.core.JsonLocation,166,0.156
com.fasterxml.jackson.core.JsonLocation,167,0.156
com.fasterxml.jackson.core.JsonLocation,168,0.156
com.fasterxml.jackson.core.JsonLocation,169,0.156
com.fasterxml.jackson.core.JsonLocation,170,0.156
com.fasterxml.jackson.core.JsonLocation,175,0.156
com.fasterxml.jackson.core.JsonLocation,177,0.156
com.fasterxml.jackson.core.util.TextBuffer,410,0.155
com.fasterxml.jackson.core.util.TextBuffer,409,0.153
com.fasterxml.jackson.core.util.TextBuffer,769,0.153
com.fasterxml.jackson.core.util.TextBuffer,755,0.152
com.fasterxml.jackson.core.util.TextBuffer,756,0.152
com.fasterxml.jackson.core.util.TextBuffer,757,0.152
com.fasterxml.jackson.core.util.TextBuffer,759,0.152
com.fasterxml.jackson.core.util.TextBuffer,760,0.152
com.fasterxml.jackson.core.util.TextBuffer,761,0.152
com.fasterxml.jackson.core.util.TextBuffer,764,0.152
com.fasterxml.jackson.core.util.TextBuffer,767,0.152
com.fasterxml.jackson.core.util.TextBuffer,768,0.152
com.fasterxml.jackson.core.util.TextBuffer,771,0.152
com.fasterxml.jackson.core.util.TextBuffer,379,0.151
com.fasterxml.jackson.core.util.BufferRecycler,135,0.151
com.fasterxml.jackson.core.util.BufferRecycler,190,0.151
com.fasterxml.jackson.core.JsonProcessingException,105,0.151
com.fasterxml.jackson.core.JsonProcessingException,120,0.151
com.fasterxml.jackson.core.JsonProcessingException,121,0.151
com.fasterxml.jackson.core.JsonProcessingException,124,0.151
com.fasterxml.jackson.core.JsonProcessingException,125,0.151
com.fasterxml.jackson.core.JsonProcessingException,127,0.151
com.fasterxml.jackson.core.JsonProcessingException,140,0.151
com.fasterxml.jackson.core.util.BufferRecycler,161,0.151
com.fasterxml.jackson.core.util.BufferRecycler,191,0.151
com.fasterxml.jackson.core.JsonProcessingException,52,0.151
com.fasterxml.jackson.core.util.TextBuffer,331,0.147
com.fasterxml.jackson.core.util.BufferRecycler,157,0.147
com.fasterxml.jackson.core.util.BufferRecycler,155,0.147
com.fasterxml.jackson.core.util.BufferRecycler,156,0.147
com.fasterxml.jackson.core.util.BufferRecycler,159,0.147
com.fasterxml.jackson.core.util.BufferRecycler,160,0.147
com.fasterxml.jackson.core.util.BufferRecycler,163,0.147
com.fasterxml.jackson.core.util.BufferRecycler,181,0.147
com.fasterxml.jackson.core.base.ParserBase,795,0.146
com.fasterxml.jackson.core.base.ParserBase,797,0.146
com.fasterxml.jackson.core.util.TextBuffer,564,0.146
com.fasterxml.jackson.core.util.TextBuffer,570,0.146
com.fasterxml.jackson.core.util.TextBuffer,573,0.146
com.fasterxml.jackson.core.json.async.NonBlockingJsonParser,1601,0.145
com.fasterxml.jackson.core.json.async.NonBlockingJsonParser,1602,0.145
com.fasterxml.jackson.core.json.async.NonBlockingJsonParser,1603,0.145
com.fasterxml.jackson.core.json.async.NonBlockingJsonParser,1622,0.145
com.fasterxml.jackson.core.json.async.NonBlockingJsonParser,1623,0.145
com.fasterxml.jackson.core.json.async.NonBlockingJsonParser,1628,0.145
com.fasterxml.jackson.core.json.async.NonBlockingJsonParser,1629,0.145
com.fasterxml.jackson.core.json.UTF8StreamJsonParser,3767,0.145
com.fasterxml.jackson.core.json.UTF8StreamJsonParser,3768,0.145
com.fasterxml.jackson.core.util.TextBuffer,408,0.144
com.fasterxml.jackson.core.json.UTF8StreamJsonParser,1518,0.143
com.fasterxml.jackson.core.json.UTF8StreamJsonParser,1519,0.143
com.fasterxml.jackson.core.io.NumberInput,129,0.142
com.fasterxml.jackson.core.io.NumberInput,130,0.142
com.fasterxml.jackson.core.io.NumberInput,131,0.142
com.fasterxml.jackson.core.util.TextBuffer,442,0.14
com.fasterxml.jackson.core.json.async.NonBlockingJsonParser,1614,0.14
com.fasterxml.jackson.core.util.TextBuffer,438,0.14
com.fasterxml.jackson.core.util.TextBuffer,332,0.139
com.fasterxml.jackson.core.util.TextBuffer,436,0.138
com.fasterxml.jackson.core.util.TextBuffer,471,0.138
com.fasterxml.jackson.core.json.UTF8StreamJsonParser,425,0.138
com.fasterxml.jackson.core.json.UTF8StreamJsonParser,1402,0.137
com.fasterxml.jackson.core.json.UTF8StreamJsonParser,1404,0.137
com.fasterxml.jackson.core.json.UTF8StreamJsonParser,1408,0.137
com.fasterxml.jackson.core.json.UTF8StreamJsonParser,1409,0.137
com.fasterxml.jackson.core.json.UTF8StreamJsonParser,1410,0.137
com.fasterxml.jackson.core.json.UTF8StreamJsonParser,1413,0.137
com.fasterxml.jackson.core.json.UTF8StreamJsonParser,1416,0.137
com.fasterxml.jackson.core.json.UTF8StreamJsonParser,1419,0.137
com.fasterxml.jackson.core.json.UTF8StreamJsonParser,1420,0.137
com.fasterxml.jackson.core.util.TextBuffer,324,0.136
com.fasterxml.jackson.core.io.NumberInput,41,0.134
com.fasterxml.jackson.core.io.NumberInput,43,0.134
com.fasterxml.jackson.core.io.NumberInput,45,0.134
com.fasterxml.jackson.core.io.NumberInput,47,0.134
com.fasterxml.jackson.core.json.ReaderBasedJsonParser,1949,0.134
com.fasterxml.jackson.core.json.async.NonBlockingJsonParser,1763,0.134
com.fasterxml.jackson.core.json.async.NonBlockingJsonParser,1764,0.134
com.fasterxml.jackson.core.json.async.NonBlockingJsonParser,1766,0.134
com.fasterxml.jackson.core.json.async.NonBlockingJsonParser,1767,0.134
com.fasterxml.jackson.core.base.ParserBase,903,0.134
com.fasterxml.jackson.core.base.ParserBase,904,0.134
com.fasterxml.jackson.core.json.async.NonBlockingJsonParser,330,0.134
com.fasterxml.jackson.core.json.async.NonBlockingJsonParser,1261,0.134
com.fasterxml.jackson.core.json.async.NonBlockingJsonParser,1262,0.134
com.fasterxml.jackson.core.json.async.NonBlockingJsonParser,1267,0.134
com.fasterxml.jackson.core.json.async.NonBlockingJsonParser,1268,0.134
com.fasterxml.jackson.core.json.async.NonBlockingJsonParser,1271,0.134
com.fasterxml.jackson.core.json.async.NonBlockingJsonParser,1272,0.134
com.fasterxml.jackson.core.json.async.NonBlockingJsonParser,1273,0.134
com.fasterxml.jackson.core.json.async.NonBlockingJsonParser,1276,0.134
com.fasterxml.jackson.core.json.async.NonBlockingJsonParser,1278,0.134
com.fasterxml.jackson.core.json.async.NonBlockingJsonParser,1289,0.134
com.fasterxml.jackson.core.json.async.NonBlockingJsonParser,1290,0.134
com.fasterxml.jackson.core.util.TextBuffer,283,0.134
com.fasterxml.jackson.core.util.TextBuffer,284,0.134
com.fasterxml.jackson.core.util.TextBuffer,285,0.134
com.fasterxml.jackson.core.util.TextBuffer,287,0.134
com.fasterxml.jackson.core.util.TextBuffer,288,0.134
com.fasterxml.jackson.core.util.TextBuffer,290,0.134
com.fasterxml.jackson.core.util.TextBuffer,292,0.134
com.fasterxml.jackson.core.util.TextBuffer,293,0.134
com.fasterxml.jackson.core.util.TextBuffer,295,0.134
com.fasterxml.jackson.core.util.TextBuffer,296,0.134
com.fasterxml.jackson.core.util.TextBuffer,297,0.134
com.fasterxml.jackson.core.async.AsyncTestBase,38,0.133
com.fasterxml.jackson.core.JsonLocation,213,0.132
com.fasterxml.jackson.core.JsonLocation,182,0.131
com.fasterxml.jackson.core.JsonLocation,183,0.131
com.fasterxml.jackson.core.JsonLocation,184,0.131
com.fasterxml.jackson.core.JsonLocation,186,0.131
com.fasterxml.jackson.core.JsonLocation,193,0.131
com.fasterxml.jackson.core.JsonLocation,196,0.131
com.fasterxml.jackson.core.JsonLocation,198,0.131
com.fasterxml.jackson.core.JsonLocation,215,0.131
com.fasterxml.jackson.core.JsonLocation,218,0.131
com.fasterxml.jackson.core.util.TextBuffer,453,0.131
com.fasterxml.jackson.core.io.NumberInput,49,0.13
com.fasterxml.jackson.core.json.async.NonBlockingJsonParser,189,0.129
com.fasterxml.jackson.core.json.async.NonBlockingJsonParser,234,0.129
com.fasterxml.jackson.core.json.UTF8StreamJsonParser,835,0.127
com.fasterxml.jackson.core.json.async.NonBlockingJsonParser,1744,0.126
com.fasterxml.jackson.core.json.async.NonBlockingJsonParser,1747,0.126
com.fasterxml.jackson.core.json.async.NonBlockingJsonParser,1748,0.126
com.fasterxml.jackson.core.json.async.NonBlockingJsonParser,1751,0.126
com.fasterxml.jackson.core.testsupport.AsyncReaderWrapper,57,0.126
com.fasterxml.jackson.core.json.async.NonBlockingJsonParser,386,0.126
com.fasterxml.jackson.core.json.async.NonBlockingJsonParser,387,0.126
com.fasterxml.jackson.core.json.async.NonBlockingJsonParser,390,0.126
com.fasterxml.jackson.core.json.async.NonBlockingJsonParser,392,0.126
com.fasterxml.jackson.core.json.ByteSourceJsonBootstrapper,134,0.126
com.fasterxml.jackson.core.json.ByteSourceJsonBootstrapper,139,0.126
com.fasterxml.jackson.core.json.ByteSourceJsonBootstrapper,154,0.126
com.fasterxml.jackson.core.json.ByteSourceJsonBootstrapper,431,0.126
com.fasterxml.jackson.core.json.ByteSourceJsonBootstrapper,451,0.126
com.fasterxml.jackson.core.json.ByteSourceJsonBootstrapper,452,0.126
com.fasterxml.jackson.core.json.ByteSourceJsonBootstrapper,458,0.126
com.fasterxml.jackson.core.json.ByteSourceJsonBootstrapper,465,0.126
com.fasterxml.jackson.core.json.UTF8StreamJsonParser,3003,0.125
com.fasterxml.jackson.core.json.UTF8StreamJsonParser,731,0.125
com.fasterxml.jackson.core.json.UTF8StreamJsonParser,734,0.125
com.fasterxml.jackson.core.json.UTF8StreamJsonParser,738,0.125
com.fasterxml.jackson.core.json.UTF8StreamJsonParser,744,0.125
com.fasterxml.jackson.core.json.UTF8StreamJsonParser,760,0.125
com.fasterxml.jackson.core.json.UTF8StreamJsonParser,761,0.125
com.fasterxml.jackson.core.json.UTF8StreamJsonParser,762,0.125
com.fasterxml.jackson.core.json.UTF8StreamJsonParser,2999,0.125
com.fasterxml.jackson.core.base.ParserBase,1118,0.124
com.fasterxml.jackson.core.base.ParserBase,1121,0.124
com.fasterxml.jackson.core.json.UTF8StreamJsonParser,720,0.124
com.fasterxml.jackson.core.json.UTF8StreamJsonParser,721,0.124
com.fasterxml.jackson.core.json.UTF8StreamJsonParser,724,0.124
com.fasterxml.jackson.core.json.UTF8StreamJsonParser,725,0.124
com.fasterxml.jackson.core.json.UTF8StreamJsonParser,831,0.124
com.fasterxml.jackson.core.json.UTF8StreamJsonParser,2997,0.124
com.fasterxml.jackson.core.json.UTF8StreamJsonParser,2998,0.124
com.fasterxml.jackson.core.json.UTF8StreamJsonParser,3776,0.124
com.fasterxml.jackson.core.json.UTF8StreamJsonParser,3777,0.124
com.fasterxml.jackson.core.json.UTF8StreamJsonParser,3778,0.124
com.fasterxml.jackson.core.json.UTF8StreamJsonParser,3779,0.124
com.fasterxml.jackson.core.json.UTF8StreamJsonParser,3780,0.124
com.fasterxml.jackson.core.json.ByteSourceJsonBootstrapper,263,0.124
com.fasterxml.jackson.core.json.ByteSourceJsonBootstrapper,264,0.124
com.fasterxml.jackson.core.json.ByteSourceJsonBootstrapper,265,0.124
com.fasterxml.jackson.core.json.UTF8StreamJsonParser,715,0.124
com.fasterxml.jackson.core.testsupport.AsyncReaderWrapperForByteArray,37,0.123
com.fasterxml.jackson.core.testsupport.AsyncReaderWrapperForByteArray,38,0.123
com.fasterxml.jackson.core.testsupport.AsyncReaderWrapperForByteArray,39,0.123
com.fasterxml.jackson.core.testsupport.AsyncReaderWrapperForByteArray,42,0.123
com.fasterxml.jackson.core.testsupport.AsyncReaderWrapperForByteArray,43,0.123
com.fasterxml.jackson.core.testsupport.AsyncReaderWrapperForByteArray,47,0.123
com.fasterxml.jackson.core.testsupport.AsyncReaderWrapperForByteArray,54,0.123
com.fasterxml.jackson.core.testsupport.AsyncReaderWrapperForByteArray,56,0.123
com.fasterxml.jackson.core.testsupport.AsyncReaderWrapperForByteArray,57,0.123
com.fasterxml.jackson.core.async.AsyncTestBase,22,0.123
com.fasterxml.jackson.core.json.async.NonBlockingJsonParser,86,0.123
com.fasterxml.jackson.core.json.async.NonBlockingJsonParser,91,0.123
com.fasterxml.jackson.core.json.async.NonBlockingJsonParser,173,0.123
com.fasterxml.jackson.core.json.async.NonBlockingJsonParser,177,0.123
com.fasterxml.jackson.core.json.async.NonBlockingJsonParser,185,0.123
com.fasterxml.jackson.core.json.async.NonBlockingJsonParser,21,0.123
com.fasterxml.jackson.core.json.UTF8StreamJsonParser,2992,0.123
com.fasterxml.jackson.core.JsonFactory,1935,0.123
com.fasterxml.jackson.core.json.ByteSourceJsonBootstrapper,124,0.123
com.fasterxml.jackson.core.json.ByteSourceJsonBootstrapper,133,0.123
com.fasterxml.jackson.core.json.ByteSourceJsonBootstrapper,165,0.123
com.fasterxml.jackson.core.json.ByteSourceJsonBootstrapper,178,0.123
com.fasterxml.jackson.core.json.ByteSourceJsonBootstrapper,179,0.123
com.fasterxml.jackson.core.json.ByteSourceJsonBootstrapper,255,0.123
com.fasterxml.jackson.core.json.ByteSourceJsonBootstrapper,256,0.123
com.fasterxml.jackson.core.json.ByteSourceJsonBootstrapper,257,0.123
com.fasterxml.jackson.core.json.ByteSourceJsonBootstrapper,259,0.123
com.fasterxml.jackson.core.json.ByteSourceJsonBootstrapper,532,0.123
com.fasterxml.jackson.core.json.ByteSourceJsonBootstrapper,533,0.123
com.fasterxml.jackson.core.json.ByteSourceJsonBootstrapper,547,0.123
com.fasterxml.jackson.core.json.async.NonBlockingJsonParser,618,0.123
com.fasterxml.jackson.core.io.IOContext,309,0.123
com.fasterxml.jackson.core.io.IOContext,310,0.123
com.fasterxml.jackson.core.json.async.NonBlockingJsonParser,98,0.122
com.fasterxml.jackson.core.json.async.NonBlockingJsonParser,101,0.122
com.fasterxml.jackson.core.json.async.NonBlockingJsonParser,105,0.122
com.fasterxml.jackson.core.json.async.NonBlockingJsonParser,109,0.122
com.fasterxml.jackson.core.json.async.NonBlockingJsonParser,112,0.122
com.fasterxml.jackson.core.json.async.NonBlockingJsonParser,115,0.122
com.fasterxml.jackson.core.json.async.NonBlockingJsonParser,116,0.122
com.fasterxml.jackson.core.json.async.NonBlockingJsonParser,117,0.122
com.fasterxml.jackson.core.json.async.NonBlockingJsonParser,118,0.122
com.fasterxml.jackson.core.json.async.NonBlockingJsonParser,119,0.122
com.fasterxml.jackson.core.json.async.NonBlockingJsonParser,120,0.122
com.fasterxml.jackson.core.json.async.NonBlockingJsonParser,172,0.122
com.fasterxml.jackson.core.json.async.NonBlockingJsonParser,188,0.122
com.fasterxml.jackson.core.json.async.NonBlockingJsonParser,193,0.122
com.fasterxml.jackson.core.json.async.NonBlockingJsonParser,194,0.122
com.fasterxml.jackson.core.json.async.NonBlockingJsonParser,196,0.122
com.fasterxml.jackson.core.json.async.NonBlockingJsonParser,197,0.122
com.fasterxml.jackson.core.json.async.NonBlockingJsonParser,199,0.122
com.fasterxml.jackson.core.json.async.NonBlockingJsonParser,201,0.122
com.fasterxml.jackson.core.json.async.NonBlockingJsonParser,430,0.122
com.fasterxml.jackson.core.json.async.NonBlockingJsonParser,433,0.122
com.fasterxml.jackson.core.json.async.NonBlockingJsonParser,438,0.122
com.fasterxml.jackson.core.json.async.NonBlockingJsonParser,463,0.122
com.fasterxml.jackson.core.json.async.NonBlockingJsonParser,604,0.122
com.fasterxml.jackson.core.json.async.NonBlockingJsonParser,611,0.122
com.fasterxml.jackson.core.json.async.NonBlockingJsonParser,613,0.122
com.fasterxml.jackson.core.json.async.NonBlockingJsonParser,615,0.122
com.fasterxml.jackson.core.json.async.NonBlockingJsonParserBase,870,0.122
com.fasterxml.jackson.core.json.async.NonBlockingJsonParserBase,871,0.122
com.fasterxml.jackson.core.json.async.NonBlockingJsonParserBase,872,0.122
com.fasterxml.jackson.core.json.async.NonBlockingJsonParserBase,873,0.122
com.fasterxml.jackson.core.json.async.NonBlockingJsonParserBase,874,0.122
com.fasterxml.jackson.core.JsonFactory,1239,0.122
com.fasterxml.jackson.core.JsonFactory,1240,0.122
com.fasterxml.jackson.core.JsonFactory,1241,0.122
com.fasterxml.jackson.core.JsonFactory,1242,0.122
com.fasterxml.jackson.core.JsonFactory,1951,0.122
com.fasterxml.jackson.core.io.IOContext,109,0.122
com.fasterxml.jackson.core.io.IOContext,110,0.122
com.fasterxml.jackson.core.JsonFactory,1084,0.121
com.fasterxml.jackson.core.JsonFactory,1085,0.121
com.fasterxml.jackson.core.JsonFactory,1855,0.12
com.fasterxml.jackson.core.json.ByteSourceJsonBootstrapper,539,0.12
com.fasterxml.jackson.core.json.ByteSourceJsonBootstrapper,544,0.12
com.fasterxml.jackson.core.json.ByteSourceJsonBootstrapper,545,0.12
com.fasterxml.jackson.core.json.ByteSourceJsonBootstrapper,546,0.12
com.fasterxml.jackson.core.JsonFactory,1656,0.12
com.fasterxml.jackson.core.JsonFactory,1849,0.12
com.fasterxml.jackson.core.io.IOContext,146,0.12
com.fasterxml.jackson.core.io.IOContext,147,0.12
com.fasterxml.jackson.core.JsonStreamContext,118,0.12
com.fasterxml.jackson.core.json.async.NonBlockingJsonParser,1608,0.12
com.fasterxml.jackson.core.json.async.NonBlockingJsonParser,1609,0.12
com.fasterxml.jackson.core.json.async.NonBlockingJsonParser,1610,0.12
com.fasterxml.jackson.core.json.async.NonBlockingJsonParserBase,395,0.12
com.fasterxml.jackson.core.base.ParserBase,898,0.12
com.fasterxml.jackson.core.json.ByteSourceJsonBootstrapper,536,0.118
com.fasterxml.jackson.core.json.ByteSourceJsonBootstrapper,541,0.118
com.fasterxml.jackson.core.base.ParserBase,700,0.118
com.fasterxml.jackson.core.json.JsonReadContext,124,0.117
com.fasterxml.jackson.core.base.ParserBase,540,0.116
com.fasterxml.jackson.core.base.ParserBase,541,0.116
com.fasterxml.jackson.core.base.ParserBase,542,0.116
com.fasterxml.jackson.core.base.ParserBase,543,0.116
com.fasterxml.jackson.core.base.ParserBase,544,0.116
com.fasterxml.jackson.core.base.ParserBase,545,0.116
com.fasterxml.jackson.core.json.JsonReadContext,122,0.116
com.fasterxml.jackson.core.json.JsonReadContext,123,0.116
com.fasterxml.jackson.core.json.JsonReadContext,129,0.116
com.fasterxml.jackson.core.json.async.NonBlockingJsonParserBase,825,0.116
com.fasterxml.jackson.core.json.async.NonBlockingJsonParserBase,826,0.116
com.fasterxml.jackson.core.json.async.NonBlockingJsonParserBase,827,0.116
com.fasterxml.jackson.core.util.BufferRecycler,125,0.115
com.fasterxml.jackson.core.util.BufferRecycler,129,0.115
com.fasterxml.jackson.core.util.BufferRecycler,130,0.115
com.fasterxml.jackson.core.util.BufferRecycler,131,0.115
com.fasterxml.jackson.core.util.BufferRecycler,133,0.115
com.fasterxml.jackson.core.util.BufferRecycler,134,0.115
com.fasterxml.jackson.core.util.BufferRecycler,137,0.115
com.fasterxml.jackson.core.util.BufferRecycler,177,0.115
com.fasterxml.jackson.core.json.ByteSourceJsonBootstrapper,150,0.115
com.fasterxml.jackson.core.json.ByteSourceJsonBootstrapper,481,0.115
com.fasterxml.jackson.core.json.ByteSourceJsonBootstrapper,483,0.115
com.fasterxml.jackson.core.json.ByteSourceJsonBootstrapper,485,0.115
com.fasterxml.jackson.core.json.ByteSourceJsonBootstrapper,489,0.115
com.fasterxml.jackson.core.json.ByteSourceJsonBootstrapper,148,0.114
com.fasterxml.jackson.core.json.ByteSourceJsonBootstrapper,471,0.114
com.fasterxml.jackson.core.json.ByteSourceJsonBootstrapper,479,0.114
com.fasterxml.jackson.core.json.UTF8StreamJsonParser,3578,0.114
com.fasterxml.jackson.core.json.UTF8StreamJsonParser,3579,0.114
com.fasterxml.jackson.core.json.UTF8StreamJsonParser,3580,0.114
com.fasterxml.jackson.core.json.UTF8StreamJsonParser,3581,0.114
com.fasterxml.jackson.core.json.UTF8StreamJsonParser,3582,0.114
com.fasterxml.jackson.core.json.UTF8StreamJsonParser,3593,0.114
com.fasterxml.jackson.core.io.NumberInput,51,0.113
com.fasterxml.jackson.core.json.ByteSourceJsonBootstrapper,166,0.113
com.fasterxml.jackson.core.json.ByteSourceJsonBootstrapper,504,0.113
com.fasterxml.jackson.core.json.ByteSourceJsonBootstrapper,499,0.113
com.fasterxml.jackson.core.json.ByteSourceJsonBootstrapper,501,0.113
com.fasterxml.jackson.core.util.TextBuffer,774,0.112
com.fasterxml.jackson.core.base.ParserBase,593,0.109
com.fasterxml.jackson.core.base.ParserBase,798,0.109
com.fasterxml.jackson.core.base.ParserBase,805,0.109
com.fasterxml.jackson.core.util.TextBuffer,817,0.109
com.fasterxml.jackson.core.json.async.NonBlockingJsonParser,282,0.109
com.fasterxml.jackson.core.json.async.NonBlockingJsonParser,1637,0.109
com.fasterxml.jackson.core.json.async.NonBlockingJsonParser,1638,0.109
com.fasterxml.jackson.core.json.async.NonBlockingJsonParser,1639,0.109
com.fasterxml.jackson.core.json.async.NonBlockingJsonParser,1642,0.109
com.fasterxml.jackson.core.json.async.NonBlockingJsonParser,1644,0.109
com.fasterxml.jackson.core.json.async.NonBlockingJsonParser,1645,0.109
com.fasterxml.jackson.core.json.async.NonBlockingJsonParser,1646,0.109
com.fasterxml.jackson.core.json.async.NonBlockingJsonParser,1647,0.109
com.fasterxml.jackson.core.json.async.NonBlockingJsonParser,1648,0.109
com.fasterxml.jackson.core.json.async.NonBlockingJsonParser,1723,0.109
com.fasterxml.jackson.core.json.async.NonBlockingJsonParser,1724,0.109
com.fasterxml.jackson.core.json.async.NonBlockingJsonParser,1725,0.109
com.fasterxml.jackson.core.json.async.NonBlockingJsonParser,1729,0.109
com.fasterxml.jackson.core.json.async.NonBlockingJsonParser,1730,0.109
com.fasterxml.jackson.core.json.async.NonBlockingJsonParser,1731,0.109
com.fasterxml.jackson.core.json.async.NonBlockingJsonParser,1734,0.109
com.fasterxml.jackson.core.json.async.NonBlockingJsonParser,1735,0.109
com.fasterxml.jackson.core.json.async.NonBlockingJsonParser,1736,0.109
com.fasterxml.jackson.core.json.async.NonBlockingJsonParser,1737,0.109
com.fasterxml.jackson.core.json.async.NonBlockingJsonParser,1738,0.109
com.fasterxml.jackson.core.base.ParserBase,658,0.109
com.fasterxml.jackson.core.json.async.NonBlockingJsonParser,941,0.109
com.fasterxml.jackson.core.json.async.NonBlockingJsonParser,607,0.105
com.fasterxml.jackson.core.json.async.NonBlockingJsonParser,608,0.105
com.fasterxml.jackson.core.json.UTF8StreamJsonParser,1417,0.105
com.fasterxml.jackson.core.json.UTF8StreamJsonParser,1507,0.105
com.fasterxml.jackson.core.json.UTF8StreamJsonParser,1508,0.105
com.fasterxml.jackson.core.json.async.NonBlockingJsonParser,1615,0.105
com.fasterxml.jackson.core.json.UTF8StreamJsonParser,837,0.102
com.fasterxml.jackson.core.json.UTF8StreamJsonParser,838,0.102
com.fasterxml.jackson.core.json.UTF8StreamJsonParser,1506,0.102
com.fasterxml.jackson.core.json.async.NonBlockingJsonParser,605,0.102
com.fasterxml.jackson.core.json.async.NonBlockingJsonParser,606,0.102
com.fasterxml.jackson.core.base.ParserBase,817,0.098
com.fasterxml.jackson.core.base.ParserBase,910,0.098
com.fasterxml.jackson.core.base.ParserBase,911,0.098
com.fasterxml.jackson.core.io.NumberInput,53,0.096
com.fasterxml.jackson.core.base.ParserBase,697,0.094
com.fasterxml.jackson.core.base.ParserBase,965,0.094
com.fasterxml.jackson.core.json.ReaderBasedJsonParser,2896,0.094
com.fasterxml.jackson.core.json.ReaderBasedJsonParser,2897,0.094
com.fasterxml.jackson.core.json.ReaderBasedJsonParser,2898,0.094
com.fasterxml.jackson.core.json.ReaderBasedJsonParser,2902,0.094
com.fasterxml.jackson.core.json.UTF8StreamJsonParser,1490,0.094
com.fasterxml.jackson.core.base.ParserBase,706,0.094
com.fasterxml.jackson.core.base.ParserBase,714,0.094
com.fasterxml.jackson.core.base.ParserBase,550,0.092
com.fasterxml.jackson.core.base.ParserBase,551,0.092
com.fasterxml.jackson.core.base.ParserBase,552,0.092
com.fasterxml.jackson.core.base.ParserBase,553,0.092
com.fasterxml.jackson.core.base.ParserBase,554,0.092
com.fasterxml.jackson.core.base.ParserBase,555,0.092
com.fasterxml.jackson.core.json.async.NonBlockingJsonParser,181,0.092
com.fasterxml.jackson.core.json.async.NonBlockingJsonParser,358,0.092
com.fasterxml.jackson.core.json.async.NonBlockingJsonParser,359,0.092
com.fasterxml.jackson.core.util.TextBuffer,458,0.087
com.fasterxml.jackson.core.util.TextBuffer,459,0.087
com.fasterxml.jackson.core.util.TextBuffer,460,0.087
com.fasterxml.jackson.core.util.TextBuffer,816,0.087
com.fasterxml.jackson.core.io.NumberInput,55,0.087
com.fasterxml.jackson.core.json.async.NonBlockingJsonParserBase,345,0.086
com.fasterxml.jackson.core.json.async.NonBlockingJsonParserBase,347,0.086
com.fasterxml.jackson.core.json.async.NonBlockingJsonParserBase,348,0.086
com.fasterxml.jackson.core.util.TextBuffer,455,0.085
com.fasterxml.jackson.core.util.TextBuffer,457,0.085
com.fasterxml.jackson.core.util.TextBuffer,464,0.085
com.fasterxml.jackson.core.util.TextBuffer,465,0.085
com.fasterxml.jackson.core.JsonLocation,105,0.085
com.fasterxml.jackson.core.JsonLocation,178,0.085
com.fasterxml.jackson.core.JsonLocation,179,0.085
com.fasterxml.jackson.core.json.async.NonBlockingJsonParser,270,0.085
com.fasterxml.jackson.core.json.async.NonBlockingJsonParser,1221,0.085
com.fasterxml.jackson.core.json.async.NonBlockingJsonParser,1222,0.085
com.fasterxml.jackson.core.json.async.NonBlockingJsonParser,1225,0.085
com.fasterxml.jackson.core.json.async.NonBlockingJsonParser,1226,0.085
com.fasterxml.jackson.core.json.async.NonBlockingJsonParser,1227,0.085
com.fasterxml.jackson.core.json.async.NonBlockingJsonParser,1228,0.085
com.fasterxml.jackson.core.json.async.NonBlockingJsonParser,1229,0.085
com.fasterxml.jackson.core.json.async.NonBlockingJsonParser,1231,0.085
com.fasterxml.jackson.core.json.async.NonBlockingJsonParser,1232,0.085
com.fasterxml.jackson.core.json.async.NonBlockingJsonParser,1238,0.085
com.fasterxml.jackson.core.json.async.NonBlockingJsonParserBase,859,0.085
com.fasterxml.jackson.core.util.TextBuffer,704,0.085
com.fasterxml.jackson.core.util.TextBuffer,705,0.085
com.fasterxml.jackson.core.util.TextBuffer,706,0.085
com.fasterxml.jackson.core.util.TextBuffer,334,0.085
com.fasterxml.jackson.core.base.ParserBase,679,0.084
com.fasterxml.jackson.core.JsonFactory,1975,0.083
com.fasterxml.jackson.core.JsonFactory,1978,0.083
com.fasterxml.jackson.core.JsonFactory,1983,0.083
com.fasterxml.jackson.core.JsonFactory,608,0.082
com.fasterxml.jackson.core.JsonFactory,609,0.082
com.fasterxml.jackson.core.util.TextBuffer,803,0.081
com.fasterxml.jackson.core.util.TextBuffer,804,0.081
com.fasterxml.jackson.core.util.TextBuffer,806,0.081
com.fasterxml.jackson.core.util.TextBuffer,807,0.081
com.fasterxml.jackson.core.util.TextBuffer,808,0.081
com.fasterxml.jackson.core.util.TextBuffer,809,0.081
com.fasterxml.jackson.core.util.TextBuffer,810,0.081
com.fasterxml.jackson.core.util.TextBuffer,813,0.081
com.fasterxml.jackson.core.util.TextBuffer,814,0.081
com.fasterxml.jackson.core.util.TextBuffer,819,0.081
com.fasterxml.jackson.core.util.TextBuffer,820,0.081
com.fasterxml.jackson.core.util.TextBuffer,821,0.081
com.fasterxml.jackson.core.json.async.NonBlockingJsonParser,1630,0.081
com.fasterxml.jackson.core.json.async.NonBlockingJsonParser,1631,0.081
com.fasterxml.jackson.core.json.async.NonBlockingJsonParser,1632,0.081
com.fasterxml.jackson.core.json.async.NonBlockingJsonParser,255,0.078
com.fasterxml.jackson.core.json.UTF8StreamJsonParser,3754,0.077
com.fasterxml.jackson.core.json.UTF8StreamJsonParser,3759,0.077
com.fasterxml.jackson.core.json.UTF8JsonGenerator,2122,0.077
com.fasterxml.jackson.core.json.UTF8JsonGenerator,2123,0.077
com.fasterxml.jackson.core.json.UTF8JsonGenerator,2125,0.077
com.fasterxml.jackson.core.json.UTF8JsonGenerator,2126,0.077
com.fasterxml.jackson.core.json.UTF8JsonGenerator,2127,0.077
com.fasterxml.jackson.core.json.UTF8JsonGenerator,2128,0.077
com.fasterxml.jackson.core.base.ParserBase,651,0.077
com.fasterxml.jackson.core.json.UTF8StreamJsonParser,1594,0.077
com.fasterxml.jackson.core.json.ReaderBasedJsonParser,1376,0.077
com.fasterxml.jackson.core.JsonStreamContext,110,0.076
com.fasterxml.jackson.core.base.ParserBase,654,0.076
com.fasterxml.jackson.core.json.async.NonBlockingJsonParser,1607,0.076
com.fasterxml.jackson.core.json.UTF8StreamJsonParser,306,0.074
com.fasterxml.jackson.core.json.UTF8StreamJsonParser,414,0.074
com.fasterxml.jackson.core.json.UTF8StreamJsonParser,417,0.074
com.fasterxml.jackson.core.base.ParserBase,650,0.073
com.fasterxml.jackson.core.base.ParserBase,653,0.073
com.fasterxml.jackson.core.json.async.NonBlockingJsonParser,971,0.073
com.fasterxml.jackson.core.json.async.NonBlockingJsonParser,972,0.073
com.fasterxml.jackson.core.json.UTF8StreamJsonParser,220,0.073
com.fasterxml.jackson.core.json.UTF8StreamJsonParser,221,0.073
com.fasterxml.jackson.core.json.UTF8StreamJsonParser,225,0.073
com.fasterxml.jackson.core.json.UTF8StreamJsonParser,226,0.073
com.fasterxml.jackson.core.util.TextBuffer,967,0.073
com.fasterxml.jackson.core.json.UTF8JsonGenerator,1516,0.071
com.fasterxml.jackson.core.json.UTF8JsonGenerator,1520,0.071
com.fasterxml.jackson.core.json.UTF8JsonGenerator,1522,0.071
com.fasterxml.jackson.core.base.ParserBase,886,0.071
com.fasterxml.jackson.core.testsupport.AsyncReaderWrapper,60,0.071
com.fasterxml.jackson.core.util.TextBuffer,694,0.071
com.fasterxml.jackson.core.util.TextBuffer,697,0.071
com.fasterxml.jackson.core.util.TextBuffer,698,0.071
com.fasterxml.jackson.core.util.TextBuffer,701,0.071
com.fasterxml.jackson.core.util.TextBuffer,702,0.071
com.fasterxml.jackson.core.util.TextBuffer,703,0.071
com.fasterxml.jackson.core.json.UTF8StreamJsonParser,219,0.069
com.fasterxml.jackson.core.JsonToken,170,0.069
com.fasterxml.jackson.core.json.UTF8StreamJsonParser,1517,0.068
com.fasterxml.jackson.core.json.UTF8StreamJsonParser,1521,0.068
com.fasterxml.jackson.core.json.UTF8StreamJsonParser,1522,0.068
com.fasterxml.jackson.core.json.UTF8StreamJsonParser,1523,0.068
com.fasterxml.jackson.core.json.async.NonBlockingJsonParser,959,0.068
com.fasterxml.jackson.core.json.async.NonBlockingJsonParser,970,0.068
com.fasterxml.jackson.core.base.ParserBase,678,0.067
com.fasterxml.jackson.core.base.ParserBase,847,0.067
com.fasterxml.jackson.core.json.ByteSourceJsonBootstrapper,168,0.067
com.fasterxml.jackson.core.json.async.NonBlockingJsonParserBase,378,0.067
com.fasterxml.jackson.core.json.async.NonBlockingJsonParserBase,383,0.067
com.fasterxml.jackson.core.json.async.NonBlockingJsonParserBase,386,0.067
com.fasterxml.jackson.core.testsupport.AsyncReaderWrapper,65,0.067
com.fasterxml.jackson.core.io.NumberInput,37,0.064
com.fasterxml.jackson.core.io.NumberInput,39,0.064
com.fasterxml.jackson.core.io.NumberInput,57,0.064
com.fasterxml.jackson.core.json.UTF8StreamJsonParser,1426,0.063
com.fasterxml.jackson.core.json.UTF8JsonGenerator,1437,0.063
com.fasterxml.jackson.core.json.UTF8JsonGenerator,1438,0.063
com.fasterxml.jackson.core.json.UTF8JsonGenerator,1490,0.063
com.fasterxml.jackson.core.json.UTF8JsonGenerator,1494,0.063
com.fasterxml.jackson.core.json.UTF8JsonGenerator,1496,0.063
com.fasterxml.jackson.core.json.UTF8JsonGenerator,1497,0.063
com.fasterxml.jackson.core.json.UTF8JsonGenerator,1499,0.063
com.fasterxml.jackson.core.json.UTF8JsonGenerator,1500,0.063
com.fasterxml.jackson.core.json.UTF8JsonGenerator,1501,0.063
com.fasterxml.jackson.core.json.UTF8JsonGenerator,1523,0.063
com.fasterxml.jackson.core.json.UTF8JsonGenerator,1524,0.063
com.fasterxml.jackson.core.json.UTF8JsonGenerator,2116,0.063
com.fasterxml.jackson.core.json.UTF8JsonGenerator,2117,0.063
com.fasterxml.jackson.core.json.UTF8JsonGenerator,2135,0.063
com.fasterxml.jackson.core.json.UTF8StreamJsonParser,1684,0.063
com.fasterxml.jackson.core.json.ReaderBasedJsonParser,1419,0.063
com.fasterxml.jackson.core.json.ReaderBasedJsonParser,1420,0.063
com.fasterxml.jackson.core.json.ReaderBasedJsonParser,1422,0.063
com.fasterxml.jackson.core.json.async.NonBlockingJsonParser,261,0.063
com.fasterxml.jackson.core.json.async.NonBlockingJsonParser,774,0.063
com.fasterxml.jackson.core.json.async.NonBlockingJsonParser,775,0.063
com.fasterxml.jackson.core.json.async.NonBlockingJsonParser,776,0.063
com.fasterxml.jackson.core.json.async.NonBlockingJsonParser,777,0.063
com.fasterxml.jackson.core.JsonParser,812,0.06
com.fasterxml.jackson.core.json.async.NonBlockingJsonParserBase,703,0.06
com.fasterxml.jackson.core.util.TextBuffer,815,0.06
com.fasterxml.jackson.core.json.UTF8StreamJsonParser,1524,0.06
com.fasterxml.jackson.core.json.UTF8StreamJsonParser,1525,0.06
com.fasterxml.jackson.core.json.UTF8StreamJsonParser,1527,0.06
com.fasterxml.jackson.core.json.UTF8StreamJsonParser,1532,0.06
com.fasterxml.jackson.core.json.UTF8StreamJsonParser,1657,0.06
com.fasterxml.jackson.core.json.UTF8StreamJsonParser,1659,0.06
com.fasterxml.jackson.core.json.ReaderBasedJsonParser,1381,0.06
com.fasterxml.jackson.core.json.ReaderBasedJsonParser,1413,0.06
com.fasterxml.jackson.core.json.ReaderBasedJsonParser,1414,0.06
com.fasterxml.jackson.core.json.ReaderBasedJsonParser,1416,0.06
com.fasterxml.jackson.core.json.ReaderBasedJsonParser,2890,0.06
com.fasterxml.jackson.core.json.ReaderBasedJsonParser,2891,0.06
com.fasterxml.jackson.core.json.ReaderBasedJsonParser,2892,0.06
com.fasterxml.jackson.core.json.ReaderBasedJsonParser,2893,0.06
com.fasterxml.jackson.core.json.ReaderBasedJsonParser,2903,0.06
com.fasterxml.jackson.core.sym.CharsToNameCanonicalizer,293,0.059
com.fasterxml.jackson.core.sym.CharsToNameCanonicalizer,295,0.059
com.fasterxml.jackson.core.sym.CharsToNameCanonicalizer,296,0.059
com.fasterxml.jackson.core.sym.ByteQuadsCanonicalizer,293,0.059
com.fasterxml.jackson.core.sym.ByteQuadsCanonicalizer,295,0.059
com.fasterxml.jackson.core.sym.ByteQuadsCanonicalizer,296,0.059
com.fasterxml.jackson.core.sym.CharsToNameCanonicalizer,300,0.059
com.fasterxml.jackson.core.sym.ByteQuadsCanonicalizer,302,0.059
com.fasterxml.jackson.core.sym.CharsToNameCanonicalizer,867,0.059
com.fasterxml.jackson.core.sym.ByteQuadsCanonicalizer,1301,0.059
com.fasterxml.jackson.core.sym.ByteQuadsCanonicalizer,1302,0.059
com.fasterxml.jackson.core.sym.ByteQuadsCanonicalizer,1304,0.059
com.fasterxml.jackson.core.sym.ByteQuadsCanonicalizer,1238,0.059
com.fasterxml.jackson.core.sym.ByteQuadsCanonicalizer,1241,0.059
com.fasterxml.jackson.core.sym.ByteQuadsCanonicalizer,1242,0.059
com.fasterxml.jackson.core.json.UTF8StreamJsonParser,3023,0.058
com.fasterxml.jackson.core.json.UTF8StreamJsonParser,3017,0.058
com.fasterxml.jackson.core.json.UTF8StreamJsonParser,3018,0.058
com.fasterxml.jackson.core.json.UTF8StreamJsonParser,3019,0.058
com.fasterxml.jackson.core.json.UTF8StreamJsonParser,243,0.057
com.fasterxml.jackson.core.json.UTF8StreamJsonParser,245,0.057
com.fasterxml.jackson.core.json.UTF8StreamJsonParser,3005,0.057
com.fasterxml.jackson.core.json.UTF8StreamJsonParser,3016,0.057
com.fasterxml.jackson.core.json.UTF8StreamJsonParser,1512,0.057
com.fasterxml.jackson.core.json.UTF8JsonGenerator,1435,0.057
com.fasterxml.jackson.core.json.ReaderBasedJsonParser,1385,0.057
com.fasterxml.jackson.core.json.ReaderBasedJsonParser,1386,0.057
com.fasterxml.jackson.core.json.async.NonBlockingJsonParser,946,0.057
com.fasterxml.jackson.core.json.UTF8StreamJsonParser,1510,0.055
com.fasterxml.jackson.core.json.UTF8StreamJsonParser,1511,0.055
com.fasterxml.jackson.core.json.UTF8StreamJsonParser,870,0.055
com.fasterxml.jackson.core.json.UTF8StreamJsonParser,2630,0.055
com.fasterxml.jackson.core.json.UTF8StreamJsonParser,1679,0.055
com.fasterxml.jackson.core.json.UTF8StreamJsonParser,1681,0.055
com.fasterxml.jackson.core.json.async.NonBlockingJsonParser,514,0.055
com.fasterxml.jackson.core.json.async.NonBlockingJsonParser,515,0.055
com.fasterxml.jackson.core.json.async.NonBlockingJsonParser,664,0.055
com.fasterxml.jackson.core.JsonParser,2337,0.054
com.fasterxml.jackson.core.JsonParser,2338,0.054
com.fasterxml.jackson.core.JsonParseException,91,0.054
com.fasterxml.jackson.core.JsonParseException,92,0.054
com.fasterxml.jackson.core.json.ReaderBasedJsonParser,731,0.054
com.fasterxml.jackson.core.JsonParseException,116,0.053
com.fasterxml.jackson.core.json.UTF8StreamJsonParser,3333,0.052
com.fasterxml.jackson.core.json.UTF8StreamJsonParser,3334,0.052
com.fasterxml.jackson.core.json.UTF8StreamJsonParser,3374,0.052
com.fasterxml.jackson.core.json.ReaderBasedJsonParser,1948,0.052
com.fasterxml.jackson.core.json.ReaderBasedJsonParser,1962,0.052
com.fasterxml.jackson.core.json.ReaderBasedJsonParser,1963,0.052
com.fasterxml.jackson.core.json.ReaderBasedJsonParser,1964,0.052
com.fasterxml.jackson.core.json.UTF8StreamJsonParser,1427,0.052
com.fasterxml.jackson.core.json.UTF8StreamJsonParser,1580,0.052
com.fasterxml.jackson.core.json.UTF8StreamJsonParser,1584,0.052
com.fasterxml.jackson.core.json.UTF8StreamJsonParser,1588,0.052
com.fasterxml.jackson.core.json.UTF8StreamJsonParser,1592,0.052
com.fasterxml.jackson.core.json.UTF8StreamJsonParser,1593,0.052
com.fasterxml.jackson.core.json.UTF8StreamJsonParser,1596,0.052
com.fasterxml.jackson.core.json.UTF8StreamJsonParser,1597,0.052
com.fasterxml.jackson.core.json.UTF8StreamJsonParser,1601,0.052
com.fasterxml.jackson.core.json.UTF8StreamJsonParser,1604,0.052
com.fasterxml.jackson.core.json.UTF8StreamJsonParser,1663,0.052
com.fasterxml.jackson.core.json.UTF8StreamJsonParser,1666,0.052
com.fasterxml.jackson.core.json.UTF8StreamJsonParser,249,0.052
com.fasterxml.jackson.core.json.async.NonBlockingJsonParser,512,0.051
com.fasterxml.jackson.core.json.async.NonBlockingJsonParser,513,0.051
com.fasterxml.jackson.core.json.UTF8StreamJsonParser,1575,0.051
com.fasterxml.jackson.core.json.UTF8StreamJsonParser,1576,0.051
com.fasterxml.jackson.core.json.UTF8StreamJsonParser,1579,0.051
com.fasterxml.jackson.core.json.UTF8StreamJsonParser,1609,0.051
com.fasterxml.jackson.core.json.UTF8StreamJsonParser,1610,0.051
com.fasterxml.jackson.core.json.UTF8StreamJsonParser,1656,0.051
com.fasterxml.jackson.core.json.ReaderBasedJsonParser,1346,0.051
com.fasterxml.jackson.core.json.ReaderBasedJsonParser,1347,0.051
com.fasterxml.jackson.core.json.ReaderBasedJsonParser,1371,0.051
com.fasterxml.jackson.core.json.ReaderBasedJsonParser,1374,0.051
com.fasterxml.jackson.core.json.ReaderBasedJsonParser,1375,0.051
com.fasterxml.jackson.core.json.ReaderBasedJsonParser,1378,0.051
com.fasterxml.jackson.core.util.BufferRecycler,151,0.05
com.fasterxml.jackson.core.testsupport.AsyncReaderWrapperForByteArray,44,0.05
com.fasterxml.jackson.core.json.async.NonBlockingJsonParser,124,0.05
com.fasterxml.jackson.core.json.async.NonBlockingJsonParser,125,0.05
com.fasterxml.jackson.core.json.async.NonBlockingJsonParser,180,0.05
com.fasterxml.jackson.core.json.UTF8StreamJsonParser,299,0.049
com.fasterxml.jackson.core.json.async.NonBlockingJsonParser,215,0.049
com.fasterxml.jackson.core.json.async.NonBlockingJsonParser,655,0.049
com.fasterxml.jackson.core.json.async.NonBlockingJsonParserBase,575,0.049
com.fasterxml.jackson.core.json.async.NonBlockingJsonParserBase,576,0.049
com.fasterxml.jackson.core.json.async.NonBlockingJsonParserBase,577,0.049
com.fasterxml.jackson.core.json.async.NonBlockingJsonParserBase,578,0.049
com.fasterxml.jackson.core.json.ReaderBasedJsonParser,1364,0.049
com.fasterxml.jackson.core.json.ReaderBasedJsonParser,1365,0.049
com.fasterxml.jackson.core.json.ReaderBasedJsonParser,1368,0.049
com.fasterxml.jackson.core.json.async.NonBlockingJsonParserBase,375,0.047
com.fasterxml.jackson.core.json.ReaderBasedJsonParser,675,0.047
com.fasterxml.jackson.core.json.ReaderBasedJsonParser,730,0.046
com.fasterxml.jackson.core.json.ReaderBasedJsonParser,733,0.046
com.fasterxml.jackson.core.json.ReaderBasedJsonParser,734,0.046
com.fasterxml.jackson.core.json.ReaderBasedJsonParser,2399,0.046
com.fasterxml.jackson.core.json.ReaderBasedJsonParser,2395,0.046
com.fasterxml.jackson.core.json.ReaderBasedJsonParser,685,0.046
com.fasterxml.jackson.core.json.ReaderBasedJsonParser,688,0.046
com.fasterxml.jackson.core.json.ReaderBasedJsonParser,694,0.046
com.fasterxml.jackson.core.json.ReaderBasedJsonParser,709,0.046
com.fasterxml.jackson.core.json.ReaderBasedJsonParser,710,0.046
com.fasterxml.jackson.core.json.ReaderBasedJsonParser,718,0.046
com.fasterxml.jackson.core.json.ReaderBasedJsonParser,724,0.046
com.fasterxml.jackson.core.json.ReaderBasedJsonParser,678,0.046
com.fasterxml.jackson.core.json.ReaderBasedJsonParser,2859,0.046
com.fasterxml.jackson.core.json.ReaderBasedJsonParser,2860,0.046
com.fasterxml.jackson.core.json.ReaderBasedJsonParser,2861,0.046
com.fasterxml.jackson.core.json.ReaderBasedJsonParser,2862,0.046
com.fasterxml.jackson.core.json.ReaderBasedJsonParser,2863,0.046
com.fasterxml.jackson.core.json.ReaderBasedJsonParser,2393,0.045
com.fasterxml.jackson.core.json.ReaderBasedJsonParser,2394,0.045
com.fasterxml.jackson.core.json.ReaderBasedJsonParser,673,0.045
com.fasterxml.jackson.core.json.ReaderBasedJsonParser,674,0.045
com.fasterxml.jackson.core.json.ReaderBasedJsonParser,677,0.045
com.fasterxml.jackson.core.json.UTF8StreamJsonParser,1436,0.045
com.fasterxml.jackson.core.json.ReaderBasedJsonParser,668,0.045
com.fasterxml.jackson.core.json.ReaderBasedJsonParser,2388,0.045
com.fasterxml.jackson.core.sym.CharsToNameCanonicalizer,394,0.045
com.fasterxml.jackson.core.json.UTF8StreamJsonParser,1429,0.045
com.fasterxml.jackson.core.json.UTF8StreamJsonParser,1430,0.045
com.fasterxml.jackson.core.json.UTF8StreamJsonParser,1432,0.045
com.fasterxml.jackson.core.util.TextBuffer,641,0.045
com.fasterxml.jackson.core.util.TextBuffer,644,0.045
com.fasterxml.jackson.core.util.TextBuffer,645,0.045
com.fasterxml.jackson.core.util.TextBuffer,647,0.045
com.fasterxml.jackson.core.util.TextBuffer,648,0.045
com.fasterxml.jackson.core.util.TextBuffer,652,0.045
com.fasterxml.jackson.core.util.TextBuffer,653,0.045
com.fasterxml.jackson.core.json.UTF8StreamJsonParser,1479,0.045
com.fasterxml.jackson.core.json.UTF8StreamJsonParser,1480,0.045
com.fasterxml.jackson.core.json.UTF8StreamJsonParser,1486,0.045
com.fasterxml.jackson.core.json.UTF8StreamJsonParser,1487,0.045
com.fasterxml.jackson.core.json.UTF8StreamJsonParser,1489,0.045
com.fasterxml.jackson.core.json.UTF8StreamJsonParser,1494,0.045
com.fasterxml.jackson.core.sym.CharsToNameCanonicalizer,274,0.044
com.fasterxml.jackson.core.sym.CharsToNameCanonicalizer,319,0.044
com.fasterxml.jackson.core.json.ReaderBasedJsonParser,2124,0.043
com.fasterxml.jackson.core.json.ReaderBasedJsonParser,2126,0.043
com.fasterxml.jackson.core.json.ReaderBasedJsonParser,2127,0.043
com.fasterxml.jackson.core.json.ReaderBasedJsonParser,2128,0.043
com.fasterxml.jackson.core.json.ReaderBasedJsonParser,2131,0.043
com.fasterxml.jackson.core.json.ReaderBasedJsonParser,2140,0.043
com.fasterxml.jackson.core.json.ReaderBasedJsonParser,2141,0.043
com.fasterxml.jackson.core.json.ReaderBasedJsonParser,2142,0.043
com.fasterxml.jackson.core.json.ReaderBasedJsonParser,2143,0.043
com.fasterxml.jackson.core.json.ReaderBasedJsonParser,2150,0.043
com.fasterxml.jackson.core.json.ReaderBasedJsonParser,2151,0.043
com.fasterxml.jackson.core.json.ReaderBasedJsonParser,2152,0.043
com.fasterxml.jackson.core.json.ReaderBasedJsonParser,2153,0.043
com.fasterxml.jackson.core.json.ReaderBasedJsonParser,2161,0.043
com.fasterxml.jackson.core.json.ReaderBasedJsonParser,2162,0.043
com.fasterxml.jackson.core.json.UTF8JsonGenerator,520,0.043
com.fasterxml.jackson.core.json.UTF8JsonGenerator,523,0.043
com.fasterxml.jackson.core.json.UTF8JsonGenerator,524,0.043
com.fasterxml.jackson.core.json.UTF8JsonGenerator,525,0.043
com.fasterxml.jackson.core.json.UTF8JsonGenerator,528,0.043
com.fasterxml.jackson.core.json.UTF8JsonGenerator,529,0.043
com.fasterxml.jackson.core.base.ParserBase,869,0.043
com.fasterxml.jackson.core.base.ParserBase,870,0.043
com.fasterxml.jackson.core.util.TextBuffer,517,0.043
com.fasterxml.jackson.core.io.IOContext,125,0.043
com.fasterxml.jackson.core.json.JsonWriteContext,261,0.042
com.fasterxml.jackson.core.json.JsonWriteContext,262,0.042
com.fasterxml.jackson.core.json.JsonWriteContext,263,0.042
com.fasterxml.jackson.core.json.async.NonBlockingJsonParser,792,0.041
com.fasterxml.jackson.core.json.async.NonBlockingJsonParser,793,0.041
com.fasterxml.jackson.core.json.UTF8JsonGenerator,510,0.041
com.fasterxml.jackson.core.json.UTF8JsonGenerator,515,0.041
com.fasterxml.jackson.core.json.UTF8JsonGenerator,516,0.041
com.fasterxml.jackson.core.testsupport.AsyncReaderWrapper,56,0.041
com.fasterxml.jackson.core.io.NumberInput,307,0.041
com.fasterxml.jackson.core.io.NumberInput,310,0.041
com.fasterxml.jackson.core.json.JsonWriteContext,161,0.041
com.fasterxml.jackson.core.json.JsonWriteContext,163,0.041
com.fasterxml.jackson.core.json.ReaderBasedJsonParser,256,0.04
com.fasterxml.jackson.core.json.ReaderBasedJsonParser,257,0.04
com.fasterxml.jackson.core.json.ReaderBasedJsonParser,258,0.04
com.fasterxml.jackson.core.json.ReaderBasedJsonParser,259,0.04
com.fasterxml.jackson.core.json.ReaderBasedJsonParser,264,0.04
com.fasterxml.jackson.core.json.ReaderBasedJsonParser,266,0.04
com.fasterxml.jackson.core.json.ReaderBasedJsonParser,267,0.04
com.fasterxml.jackson.core.json.ReaderBasedJsonParser,269,0.04
com.fasterxml.jackson.core.JsonFactory,1865,0.04
com.fasterxml.jackson.core.json.ReaderBasedJsonParser,255,0.04
com.fasterxml.jackson.core.JsonFactory,1105,0.04
com.fasterxml.jackson.core.JsonFactory,1106,0.04
com.fasterxml.jackson.core.JsonFactory,1680,0.04
com.fasterxml.jackson.core.JsonFactory,1681,0.04
com.fasterxml.jackson.core.JsonFactory,1859,0.04
com.fasterxml.jackson.core.json.UTF8StreamJsonParser,1482,0.04
com.fasterxml.jackson.core.json.UTF8StreamJsonParser,852,0.04
com.fasterxml.jackson.core.json.JsonWriteContext,159,0.04
com.fasterxml.jackson.core.json.JsonWriteContext,160,0.04
com.fasterxml.jackson.core.json.UTF8JsonGenerator,509,0.04
com.fasterxml.jackson.core.base.ParserBase,820,0.04
com.fasterxml.jackson.core.base.ParserBase,821,0.04
com.fasterxml.jackson.core.base.ParserBase,864,0.04
com.fasterxml.jackson.core.base.ParserBase,875,0.04
com.fasterxml.jackson.core.base.ParserBase,876,0.04
com.fasterxml.jackson.core.io.IOContext,222,0.04
com.fasterxml.jackson.core.io.IOContext,223,0.04
com.fasterxml.jackson.core.json.ReaderBasedJsonParser,2419,0.039
com.fasterxml.jackson.core.json.UTF8StreamJsonParser,1463,0.039
com.fasterxml.jackson.core.json.UTF8StreamJsonParser,1464,0.039
com.fasterxml.jackson.core.json.UTF8StreamJsonParser,1468,0.039
com.fasterxml.jackson.core.json.UTF8StreamJsonParser,1471,0.039
com.fasterxml.jackson.core.json.UTF8StreamJsonParser,1475,0.039
com.fasterxml.jackson.core.json.UTF8StreamJsonParser,1476,0.039
com.fasterxml.jackson.core.json.ReaderBasedJsonParser,2413,0.039
com.fasterxml.jackson.core.json.ReaderBasedJsonParser,2414,0.039
com.fasterxml.jackson.core.json.ReaderBasedJsonParser,2415,0.039
com.fasterxml.jackson.core.util.TextBuffer,364,0.039
com.fasterxml.jackson.core.util.TextBuffer,367,0.039
com.fasterxml.jackson.core.util.TextBuffer,371,0.039
com.fasterxml.jackson.core.json.ReaderBasedJsonParser,2412,0.038
com.fasterxml.jackson.core.json.ReaderBasedJsonParser,2401,0.038
com.fasterxml.jackson.core.json.UTF8StreamJsonParser,1441,0.038
com.fasterxml.jackson.core.json.UTF8StreamJsonParser,1442,0.038
com.fasterxml.jackson.core.json.UTF8StreamJsonParser,1445,0.038
com.fasterxml.jackson.core.json.UTF8StreamJsonParser,1447,0.038
com.fasterxml.jackson.core.json.UTF8StreamJsonParser,1450,0.038
com.fasterxml.jackson.core.json.UTF8StreamJsonParser,1452,0.038
com.fasterxml.jackson.core.json.UTF8StreamJsonParser,1458,0.038
com.fasterxml.jackson.core.base.ParserBase,819,0.038
com.fasterxml.jackson.core.json.UTF8StreamJsonParser,259,0.037
com.fasterxml.jackson.core.json.UTF8StreamJsonParser,258,0.037
com.fasterxml.jackson.core.json.UTF8StreamJsonParser,261,0.037
com.fasterxml.jackson.core.json.UTF8StreamJsonParser,1421,0.037
com.fasterxml.jackson.core.json.async.NonBlockingJsonParser,911,0.037
com.fasterxml.jackson.core.json.ReaderBasedJsonParser,781,0.036
com.fasterxml.jackson.core.json.ReaderBasedJsonParser,1896,0.036
com.fasterxml.jackson.core.json.async.NonBlockingJsonParser,238,0.036
com.fasterxml.jackson.core.json.ReaderBasedJsonParser,2389,0.036
com.fasterxml.jackson.core.json.ReaderBasedJsonParser,254,0.035
com.fasterxml.jackson.core.util.TextBuffer,361,0.035
com.fasterxml.jackson.core.json.UTF8StreamJsonParser,257,0.035
com.fasterxml.jackson.core.json.UTF8StreamJsonParser,263,0.035
com.fasterxml.jackson.core.json.ReaderBasedJsonParser,785,0.035
com.fasterxml.jackson.core.json.ReaderBasedJsonParser,789,0.035
com.fasterxml.jackson.core.json.ReaderBasedJsonParser,790,0.035
com.fasterxml.jackson.core.json.UTF8StreamJsonParser,227,0.034
com.fasterxml.jackson.core.json.UTF8StreamJsonParser,229,0.034
com.fasterxml.jackson.core.json.UTF8StreamJsonParser,230,0.034
com.fasterxml.jackson.core.json.UTF8StreamJsonParser,235,0.034
com.fasterxml.jackson.core.json.UTF8StreamJsonParser,237,0.034
com.fasterxml.jackson.core.json.UTF8StreamJsonParser,238,0.034
com.fasterxml.jackson.core.json.UTF8StreamJsonParser,240,0.034
com.fasterxml.jackson.core.json.ReaderBasedJsonParser,779,0.033
com.fasterxml.jackson.core.json.ReaderBasedJsonParser,1345,0.033
com.fasterxml.jackson.core.json.ReaderBasedJsonParser,778,0.033
com.fasterxml.jackson.core.json.WriterBasedJsonGenerator,420,0.033
com.fasterxml.jackson.core.json.WriterBasedJsonGenerator,423,0.033
com.fasterxml.jackson.core.json.WriterBasedJsonGenerator,424,0.033
com.fasterxml.jackson.core.json.WriterBasedJsonGenerator,426,0.033
com.fasterxml.jackson.core.json.WriterBasedJsonGenerator,429,0.033
com.fasterxml.jackson.core.json.WriterBasedJsonGenerator,430,0.033
com.fasterxml.jackson.core.json.ReaderBasedJsonParser,1330,0.033
com.fasterxml.jackson.core.json.ReaderBasedJsonParser,1335,0.033
com.fasterxml.jackson.core.json.ReaderBasedJsonParser,1339,0.033
com.fasterxml.jackson.core.json.ReaderBasedJsonParser,1340,0.033
com.fasterxml.jackson.core.json.WriterBasedJsonGenerator,416,0.032
com.fasterxml.jackson.core.json.async.NonBlockingJsonParser,2078,0.032
com.fasterxml.jackson.core.json.UTF8JsonGenerator,321,0.032
com.fasterxml.jackson.core.json.UTF8JsonGenerator,324,0.032
com.fasterxml.jackson.core.json.UTF8JsonGenerator,1418,0.032
com.fasterxml.jackson.core.json.UTF8JsonGenerator,1420,0.032
com.fasterxml.jackson.core.json.UTF8JsonGenerator,1421,0.032
com.fasterxml.jackson.core.json.UTF8JsonGenerator,1422,0.032
com.fasterxml.jackson.core.json.UTF8JsonGenerator,1424,0.032
com.fasterxml.jackson.core.json.UTF8JsonGenerator,1425,0.032
com.fasterxml.jackson.core.json.UTF8JsonGenerator,1427,0.032
com.fasterxml.jackson.core.json.UTF8JsonGenerator,1433,0.032
com.fasterxml.jackson.core.json.UTF8JsonGenerator,1434,0.032
com.fasterxml.jackson.core.json.UTF8JsonGenerator,1443,0.032
com.fasterxml.jackson.core.json.ReaderBasedJsonParser,1315,0.032
com.fasterxml.jackson.core.json.ReaderBasedJsonParser,1316,0.032
com.fasterxml.jackson.core.json.ReaderBasedJsonParser,1317,0.032
com.fasterxml.jackson.core.json.ReaderBasedJsonParser,1320,0.032
com.fasterxml.jackson.core.json.JsonWriteContext,216,0.032
com.fasterxml.jackson.core.json.JsonWriteContext,218,0.032
com.fasterxml.jackson.core.json.WriterBasedJsonGenerator,415,0.032
com.fasterxml.jackson.core.json.UTF8JsonGenerator,316,0.032
com.fasterxml.jackson.core.json.UTF8JsonGenerator,317,0.032
com.fasterxml.jackson.core.json.UTF8JsonGenerator,318,0.032
com.fasterxml.jackson.core.json.UTF8JsonGenerator,326,0.032
com.fasterxml.jackson.core.json.UTF8JsonGenerator,367,0.031
com.fasterxml.jackson.core.json.UTF8JsonGenerator,370,0.031
com.fasterxml.jackson.core.JsonFactory,1124,0.031
com.fasterxml.jackson.core.json.async.NonBlockingJsonParser,244,0.031
com.fasterxml.jackson.core.json.async.NonBlockingJsonParser,1983,0.031
com.fasterxml.jackson.core.json.async.NonBlockingJsonParser,1984,0.031
com.fasterxml.jackson.core.json.async.NonBlockingJsonParser,1985,0.031
com.fasterxml.jackson.core.json.async.NonBlockingJsonParser,1986,0.031
com.fasterxml.jackson.core.json.async.NonBlockingJsonParser,1987,0.031
com.fasterxml.jackson.core.json.UTF8JsonGenerator,361,0.031
com.fasterxml.jackson.core.json.UTF8JsonGenerator,364,0.031
com.fasterxml.jackson.core.json.UTF8JsonGenerator,372,0.031
com.fasterxml.jackson.core.json.UTF8JsonGenerator,373,0.031
com.fasterxml.jackson.core.JsonFactory,1117,0.031
com.fasterxml.jackson.core.JsonFactory,1118,0.031
com.fasterxml.jackson.core.base.GeneratorBase,278,0.03
com.fasterxml.jackson.core.JsonFactory,1729,0.03
com.fasterxml.jackson.core.json.async.NonBlockingJsonParser,526,0.03
com.fasterxml.jackson.core.json.async.NonBlockingJsonParser,532,0.03
com.fasterxml.jackson.core.json.async.NonBlockingJsonParser,1978,0.03
com.fasterxml.jackson.core.json.async.NonBlockingJsonParser,1979,0.03
com.fasterxml.jackson.core.json.async.NonBlockingJsonParser,1982,0.03
com.fasterxml.jackson.core.json.async.NonBlockingJsonParser,1989,0.03
com.fasterxml.jackson.core.json.async.NonBlockingJsonParser,1990,0.03
com.fasterxml.jackson.core.json.async.NonBlockingJsonParser,1991,0.03
com.fasterxml.jackson.core.json.async.NonBlockingJsonParser,1992,0.03
com.fasterxml.jackson.core.json.async.NonBlockingJsonParser,1993,0.03
com.fasterxml.jackson.core.json.async.NonBlockingJsonParser,1994,0.03
com.fasterxml.jackson.core.json.async.NonBlockingJsonParser,2006,0.03
com.fasterxml.jackson.core.json.async.NonBlockingJsonParser,2007,0.03
com.fasterxml.jackson.core.json.async.NonBlockingJsonParser,2068,0.03
com.fasterxml.jackson.core.json.async.NonBlockingJsonParser,2069,0.03
com.fasterxml.jackson.core.json.async.NonBlockingJsonParser,2072,0.03
com.fasterxml.jackson.core.json.async.NonBlockingJsonParser,2076,0.03
com.fasterxml.jackson.core.json.async.NonBlockingJsonParser,2077,0.03
com.fasterxml.jackson.core.json.async.NonBlockingJsonParser,2080,0.03
com.fasterxml.jackson.core.json.async.NonBlockingJsonParserBase,794,0.03
com.fasterxml.jackson.core.util.TextBuffer,247,0.03
com.fasterxml.jackson.core.util.TextBuffer,248,0.03
com.fasterxml.jackson.core.util.TextBuffer,251,0.03
com.fasterxml.jackson.core.util.TextBuffer,252,0.03
com.fasterxml.jackson.core.util.TextBuffer,253,0.03
com.fasterxml.jackson.core.json.async.NonBlockingJsonParser,212,0.029
com.fasterxml.jackson.core.json.async.NonBlockingJsonParser,780,0.029

