com.fasterxml.jackson.databind.JsonMappingException,508,0.447
com.fasterxml.jackson.core.JsonLocation,162,0.436
com.fasterxml.jackson.core.JsonLocation,163,0.436
com.fasterxml.jackson.core.JsonLocation,164,0.436
com.fasterxml.jackson.core.JsonLocation,165,0.436
com.fasterxml.jackson.core.JsonLocation,166,0.436
com.fasterxml.jackson.core.JsonLocation,167,0.436
com.fasterxml.jackson.core.JsonLocation,168,0.436
com.fasterxml.jackson.core.JsonLocation,169,0.436
com.fasterxml.jackson.core.JsonLocation,170,0.436
com.fasterxml.jackson.core.JsonLocation,175,0.436
com.fasterxml.jackson.core.JsonLocation,177,0.436
com.fasterxml.jackson.core.JsonProcessingException,128,0.436
com.fasterxml.jackson.core.JsonProcessingException,129,0.436
com.fasterxml.jackson.core.JsonProcessingException,130,0.436
com.fasterxml.jackson.core.JsonProcessingException,133,0.436
com.fasterxml.jackson.core.JsonProcessingException,134,0.436
com.fasterxml.jackson.core.JsonProcessingException,135,0.436
com.fasterxml.jackson.core.JsonProcessingException,136,0.436
com.fasterxml.jackson.core.JsonProcessingException,138,0.436
com.fasterxml.jackson.core.JsonProcessingException,120,0.426
com.fasterxml.jackson.core.JsonProcessingException,121,0.426
com.fasterxml.jackson.core.JsonProcessingException,124,0.426
com.fasterxml.jackson.core.JsonProcessingException,125,0.426
com.fasterxml.jackson.core.JsonProcessingException,127,0.426
com.fasterxml.jackson.core.JsonProcessingException,140,0.426
com.fasterxml.jackson.core.JsonProcessingException,52,0.423
com.fasterxml.jackson.core.JsonProcessingException,105,0.418
com.fasterxml.jackson.core.JsonLocation,199,0.417
com.fasterxml.jackson.core.JsonLocation,200,0.417
com.fasterxml.jackson.core.JsonLocation,201,0.417
com.fasterxml.jackson.core.JsonLocation,202,0.417
com.fasterxml.jackson.core.JsonLocation,222,0.417
com.fasterxml.jackson.core.JsonLocation,223,0.417
com.fasterxml.jackson.databind.JsonMappingException,483,0.416
com.fasterxml.jackson.databind.JsonMappingException,489,0.416
com.fasterxml.jackson.databind.JsonMappingException,490,0.416
com.fasterxml.jackson.core.JsonLocation,182,0.414
com.fasterxml.jackson.core.JsonLocation,183,0.414
com.fasterxml.jackson.core.JsonLocation,184,0.414
com.fasterxml.jackson.core.JsonLocation,186,0.414
com.fasterxml.jackson.core.JsonLocation,187,0.414
com.fasterxml.jackson.core.JsonLocation,193,0.414
com.fasterxml.jackson.core.JsonLocation,196,0.414
com.fasterxml.jackson.core.JsonLocation,198,0.414
com.fasterxml.jackson.core.JsonLocation,215,0.414
com.fasterxml.jackson.core.JsonLocation,218,0.414
com.fasterxml.jackson.databind.DatabindContext,413,0.4
com.fasterxml.jackson.databind.ObjectReader,1492,0.364
com.fasterxml.jackson.databind.ObjectReader,1493,0.364
com.fasterxml.jackson.databind.ObjectReader,2039,0.364
com.fasterxml.jackson.core.io.IOContext,123,0.344
com.fasterxml.jackson.core.base.ParserBase,1231,0.344
com.fasterxml.jackson.core.base.ParserBase,1232,0.344
com.fasterxml.jackson.databind.DeserializationContext,436,0.339
com.fasterxml.jackson.core.json.ReaderBasedJsonParser,2839,0.33
com.fasterxml.jackson.databind.deser.std.StdDeserializer,1551,0.325
com.fasterxml.jackson.databind.deser.std.StdDeserializer,1552,0.325
com.fasterxml.jackson.databind.deser.std.StdDeserializer,1561,0.325
com.fasterxml.jackson.databind.DeserializationConfig,877,0.319
com.fasterxml.jackson.core.json.ReaderBasedJsonParser,2844,0.314
com.fasterxml.jackson.databind.JsonMappingException,493,0.31
com.fasterxml.jackson.databind.JsonMappingException,499,0.31
com.fasterxml.jackson.databind.JsonMappingException,500,0.31
com.fasterxml.jackson.databind.JsonMappingException,501,0.31
com.fasterxml.jackson.databind.JsonMappingException,502,0.31
com.fasterxml.jackson.databind.deser.std.StdDeserializer,116,0.307
com.fasterxml.jackson.databind.deser.std.StdDeserializer,1556,0.307
com.fasterxml.jackson.databind.deser.std.StdDeserializer,1557,0.307
com.fasterxml.jackson.databind.deser.std.StdDeserializer,1559,0.307
com.fasterxml.jackson.databind.deser.std.StdDeserializer,1564,0.307
com.fasterxml.jackson.databind.JsonMappingException,522,0.306
com.fasterxml.jackson.databind.JsonMappingException,523,0.306
com.fasterxml.jackson.databind.JsonMappingException,524,0.306
com.fasterxml.jackson.databind.JsonMappingException,525,0.306
com.fasterxml.jackson.databind.JsonMappingException,529,0.306
com.fasterxml.jackson.databind.JsonMappingException,120,0.304
com.fasterxml.jackson.databind.JsonMappingException,121,0.304
com.fasterxml.jackson.databind.JsonMappingException,123,0.304
com.fasterxml.jackson.databind.JsonMappingException,126,0.304
com.fasterxml.jackson.databind.JsonMappingException,131,0.304
com.fasterxml.jackson.databind.JsonMappingException,132,0.304
com.fasterxml.jackson.databind.JsonMappingException,136,0.304
com.fasterxml.jackson.databind.JsonMappingException,137,0.304
com.fasterxml.jackson.databind.JsonMappingException,141,0.304
com.fasterxml.jackson.databind.JsonMappingException,142,0.304
com.fasterxml.jackson.databind.JsonMappingException,151,0.304
com.fasterxml.jackson.databind.JsonMappingException,152,0.304
com.fasterxml.jackson.databind.JsonMappingException,154,0.304
com.fasterxml.jackson.databind.JsonMappingException,159,0.304
com.fasterxml.jackson.databind.JsonMappingException,425,0.302
com.fasterxml.jackson.databind.JsonMappingException,426,0.302
com.fasterxml.jackson.databind.JsonMappingException,519,0.302
com.fasterxml.jackson.databind.DatabindContext,416,0.295
com.fasterxml.jackson.databind.DeserializationContext,1362,0.291
com.fasterxml.jackson.databind.DeserializationContext,1363,0.291
com.fasterxml.jackson.databind.DeserializationContext,1367,0.291
com.fasterxml.jackson.databind.DeserializationContext,1368,0.291
com.fasterxml.jackson.databind.DeserializationContext,2086,0.291
com.fasterxml.jackson.databind.DeserializationContext,2087,0.291
com.fasterxml.jackson.databind.JsonMappingException,450,0.291
com.fasterxml.jackson.databind.JsonMappingException,451,0.291
com.fasterxml.jackson.databind.JsonMappingException,457,0.291
com.fasterxml.jackson.databind.JsonMappingException,458,0.291
com.fasterxml.jackson.databind.JsonMappingException,460,0.291
com.fasterxml.jackson.databind.DeserializationContext,2097,0.289
com.fasterxml.jackson.databind.exc.MismatchedInputException,59,0.287
com.fasterxml.jackson.databind.deser.std.StdDeserializer,1558,0.287
com.fasterxml.jackson.databind.DeserializationContext,1361,0.284
com.fasterxml.jackson.databind.DeserializationContext,1372,0.284
com.fasterxml.jackson.databind.DeserializationContext,1375,0.284
com.fasterxml.jackson.databind.DeserializationContext,1600,0.284
com.fasterxml.jackson.databind.DeserializationContext,1601,0.284
com.fasterxml.jackson.databind.cfg.CoercionConfigs,166,0.281
com.fasterxml.jackson.databind.cfg.CoercionConfigs,177,0.281
com.fasterxml.jackson.databind.cfg.CoercionConfigs,188,0.281
com.fasterxml.jackson.databind.cfg.CoercionConfigs,189,0.281
com.fasterxml.jackson.databind.cfg.CoercionConfigs,194,0.281
com.fasterxml.jackson.databind.DeserializationConfig,991,0.281
com.fasterxml.jackson.databind.DeserializationContext,492,0.281
com.fasterxml.jackson.databind.cfg.CoercionConfig,35,0.281
com.fasterxml.jackson.databind.JsonMappingException,143,0.281
com.fasterxml.jackson.databind.JsonMappingException,144,0.281
com.fasterxml.jackson.databind.JsonMappingException,145,0.281
com.fasterxml.jackson.databind.JsonMappingException,373,0.28
com.fasterxml.jackson.databind.JsonMappingException,392,0.28
com.fasterxml.jackson.databind.JsonMappingException,393,0.28
com.fasterxml.jackson.databind.ObjectMapper,4601,0.28
com.fasterxml.jackson.databind.DeserializationContext,1344,0.277
com.fasterxml.jackson.databind.DeserializationContext,1345,0.277
com.fasterxml.jackson.databind.DeserializationContext,1346,0.277
com.fasterxml.jackson.databind.util.ClassUtil,725,0.277
com.fasterxml.jackson.databind.util.ClassUtil,728,0.277
com.fasterxml.jackson.databind.util.ClassUtil,729,0.277
com.fasterxml.jackson.databind.util.ClassUtil,733,0.277
com.fasterxml.jackson.databind.util.ClassUtil,734,0.277
com.fasterxml.jackson.databind.util.ClassUtil,741,0.277
com.fasterxml.jackson.databind.util.ClassUtil,799,0.277
com.fasterxml.jackson.databind.util.ClassUtil,802,0.277
com.fasterxml.jackson.databind.JsonMappingException,491,0.277
com.fasterxml.jackson.databind.util.ClassUtil,674,0.274
com.fasterxml.jackson.databind.util.ClassUtil,677,0.274
com.fasterxml.jackson.databind.util.ClassUtil,679,0.274
com.fasterxml.jackson.databind.JsonMappingException,374,0.273
com.fasterxml.jackson.databind.ObjectMapper,3549,0.273
com.fasterxml.jackson.databind.ObjectMapper,3550,0.273
com.fasterxml.jackson.databind.util.ClassUtil,618,0.268
com.fasterxml.jackson.databind.deser.BeanDeserializerBase,1822,0.268
com.fasterxml.jackson.databind.deser.BeanDeserializerBase,1832,0.268
com.fasterxml.jackson.databind.deser.BeanDeserializerBase,1836,0.268
com.fasterxml.jackson.databind.deser.BeanDeserializerBase,1837,0.268
com.fasterxml.jackson.databind.deser.BeanDeserializerBase,1839,0.268
com.fasterxml.jackson.databind.deser.BeanDeserializerBase,1840,0.268
com.fasterxml.jackson.databind.deser.BeanDeserializerBase,1846,0.268
com.fasterxml.jackson.databind.util.StdDateFormat,433,0.266
com.fasterxml.jackson.databind.util.StdDateFormat,434,0.266
com.fasterxml.jackson.databind.util.StdDateFormat,437,0.266
com.fasterxml.jackson.databind.util.StdDateFormat,438,0.266
com.fasterxml.jackson.databind.util.StdDateFormat,444,0.266
com.fasterxml.jackson.databind.util.StdDateFormat,445,0.266
com.fasterxml.jackson.databind.util.StdDateFormat,447,0.266
com.fasterxml.jackson.databind.util.StdDateFormat,450,0.266
com.fasterxml.jackson.databind.util.StdDateFormat,453,0.266
com.fasterxml.jackson.databind.util.StdDateFormat,461,0.266
com.fasterxml.jackson.databind.util.StdDateFormat,463,0.266
com.fasterxml.jackson.databind.util.StdDateFormat,464,0.266
com.fasterxml.jackson.databind.util.StdDateFormat,465,0.266
com.fasterxml.jackson.databind.util.StdDateFormat,466,0.266
com.fasterxml.jackson.databind.util.StdDateFormat,467,0.266
com.fasterxml.jackson.databind.util.StdDateFormat,468,0.266
com.fasterxml.jackson.databind.util.StdDateFormat,469,0.266
com.fasterxml.jackson.databind.util.StdDateFormat,470,0.266
com.fasterxml.jackson.databind.util.StdDateFormat,471,0.266
com.fasterxml.jackson.databind.util.StdDateFormat,472,0.266
com.fasterxml.jackson.databind.util.StdDateFormat,473,0.266
com.fasterxml.jackson.databind.util.StdDateFormat,474,0.266
com.fasterxml.jackson.databind.util.StdDateFormat,476,0.266
com.fasterxml.jackson.databind.util.StdDateFormat,477,0.266
com.fasterxml.jackson.databind.util.StdDateFormat,498,0.266
com.fasterxml.jackson.databind.util.StdDateFormat,516,0.266
com.fasterxml.jackson.databind.util.StdDateFormat,517,0.266
com.fasterxml.jackson.databind.util.StdDateFormat,520,0.266
com.fasterxml.jackson.databind.util.StdDateFormat,521,0.266
com.fasterxml.jackson.databind.util.StdDateFormat,523,0.266
com.fasterxml.jackson.databind.util.StdDateFormat,524,0.266
com.fasterxml.jackson.databind.util.StdDateFormat,527,0.266
com.fasterxml.jackson.databind.util.StdDateFormat,528,0.266
com.fasterxml.jackson.databind.util.StdDateFormat,534,0.266
com.fasterxml.jackson.databind.util.StdDateFormat,535,0.266
com.fasterxml.jackson.databind.util.StdDateFormat,538,0.266
com.fasterxml.jackson.databind.util.StdDateFormat,539,0.266
com.fasterxml.jackson.databind.util.StdDateFormat,542,0.266
com.fasterxml.jackson.databind.util.StdDateFormat,545,0.266
com.fasterxml.jackson.databind.util.StdDateFormat,547,0.266
com.fasterxml.jackson.databind.util.StdDateFormat,549,0.266
com.fasterxml.jackson.databind.util.StdDateFormat,550,0.266
com.fasterxml.jackson.databind.util.ClassUtil,695,0.264
com.fasterxml.jackson.databind.util.ClassUtil,698,0.264
com.fasterxml.jackson.databind.util.ClassUtil,699,0.264
com.fasterxml.jackson.databind.util.ClassUtil,700,0.264
com.fasterxml.jackson.databind.DatabindContext,414,0.264
com.fasterxml.jackson.databind.deser.std.StdDeserializer,132,0.261
com.fasterxml.jackson.databind.JsonMappingException,349,0.256
com.fasterxml.jackson.databind.exc.InvalidFormatException,67,0.253
com.fasterxml.jackson.databind.util.ClassUtil,369,0.25
com.fasterxml.jackson.databind.util.ClassUtil,366,0.248
com.fasterxml.jackson.databind.DeserializationContext,1665,0.243
com.fasterxml.jackson.databind.DeserializationContext,1666,0.243
com.fasterxml.jackson.databind.DeserializationContext,1668,0.243
com.fasterxml.jackson.databind.deser.std.StdDeserializer,1432,0.243
com.fasterxml.jackson.databind.deser.std.StdDeserializer,1434,0.243
com.fasterxml.jackson.databind.util.StdDateFormat,435,0.243
com.fasterxml.jackson.databind.util.StdDateFormat,492,0.243
com.fasterxml.jackson.databind.util.StdDateFormat,493,0.243
com.fasterxml.jackson.databind.util.StdDateFormat,518,0.243
com.fasterxml.jackson.databind.util.StdDateFormat,529,0.243
com.fasterxml.jackson.databind.deser.std.StdDeserializer,222,0.24
com.fasterxml.jackson.databind.JsonMappingException,146,0.237
com.fasterxml.jackson.databind.JsonMappingException,147,0.237
com.fasterxml.jackson.databind.JsonMappingException,361,0.231
com.fasterxml.jackson.databind.util.ClassUtil,615,0.228
com.fasterxml.jackson.databind.deser.BeanDeserializer,326,0.226
com.fasterxml.jackson.databind.cfg.CoercionConfigs,226,0.217
com.fasterxml.jackson.databind.deser.std.StdDeserializer,135,0.217
com.fasterxml.jackson.databind.DeserializationContext,383,0.206
com.fasterxml.jackson.databind.deser.std.CollectionDeserializer,367,0.206
com.fasterxml.jackson.databind.deser.std.CollectionDeserializer,368,0.206
com.fasterxml.jackson.databind.deser.std.CollectionDeserializer,371,0.206
com.fasterxml.jackson.databind.DeserializationContext,1574,0.205
com.fasterxml.jackson.databind.DeserializationContext,1575,0.205
com.fasterxml.jackson.databind.cfg.CoercionConfigs,197,0.201
com.fasterxml.jackson.databind.deser.std.StdDeserializer,1936,0.201
com.fasterxml.jackson.core.util.TextBuffer,165,0.198
com.fasterxml.jackson.core.util.TextBuffer,166,0.198
com.fasterxml.jackson.core.util.TextBuffer,167,0.198
com.fasterxml.jackson.core.util.TextBuffer,169,0.198
com.fasterxml.jackson.core.util.TextBuffer,172,0.198
com.fasterxml.jackson.core.util.TextBuffer,174,0.198
com.fasterxml.jackson.core.util.TextBuffer,179,0.198
com.fasterxml.jackson.core.util.TextBuffer,180,0.198
com.fasterxml.jackson.core.util.TextBuffer,187,0.198
com.fasterxml.jackson.core.io.IOContext,319,0.196
com.fasterxml.jackson.core.io.IOContext,320,0.196
com.fasterxml.jackson.core.util.BufferRecycler,167,0.196
com.fasterxml.jackson.core.util.BufferRecycler,168,0.196
com.fasterxml.jackson.core.io.IOContext,309,0.196
com.fasterxml.jackson.core.io.IOContext,310,0.196
com.fasterxml.jackson.core.util.BufferRecycler,155,0.196
com.fasterxml.jackson.core.util.BufferRecycler,156,0.196
com.fasterxml.jackson.core.util.BufferRecycler,157,0.196
com.fasterxml.jackson.core.util.BufferRecycler,159,0.196
com.fasterxml.jackson.core.util.BufferRecycler,160,0.196
com.fasterxml.jackson.core.util.BufferRecycler,163,0.196
com.fasterxml.jackson.core.util.BufferRecycler,181,0.196
com.fasterxml.jackson.core.util.BufferRecyclers,65,0.196
com.fasterxml.jackson.core.util.BufferRecyclers,66,0.196
com.fasterxml.jackson.core.util.BufferRecyclers,68,0.196
com.fasterxml.jackson.core.util.BufferRecyclers,77,0.196
com.fasterxml.jackson.core.JsonFactory,1919,0.196
com.fasterxml.jackson.core.JsonFactory,1920,0.196
com.fasterxml.jackson.core.JsonFactory,1935,0.196
com.fasterxml.jackson.core.JsonFactory,152,0.196
com.fasterxml.jackson.core.JsonFactory,154,0.196
com.fasterxml.jackson.databind.introspect.JacksonAnnotationIntrospector,1493,0.195
com.fasterxml.jackson.databind.cfg.MapperConfig,272,0.195
com.fasterxml.jackson.databind.cfg.BaseSettings,394,0.195
com.fasterxml.jackson.databind.introspect.JacksonAnnotationIntrospector,1492,0.194
com.fasterxml.jackson.databind.introspect.JacksonAnnotationIntrospector,572,0.194
com.fasterxml.jackson.databind.introspect.JacksonAnnotationIntrospector,1481,0.194
com.fasterxml.jackson.databind.introspect.JacksonAnnotationIntrospector,1482,0.194
com.fasterxml.jackson.databind.introspect.JacksonAnnotationIntrospector,1484,0.194
com.fasterxml.jackson.databind.introspect.BasicClassIntrospector,151,0.194
com.fasterxml.jackson.databind.introspect.BasicClassIntrospector,152,0.194
com.fasterxml.jackson.databind.introspect.BasicClassIntrospector,156,0.194
com.fasterxml.jackson.databind.introspect.BasicClassIntrospector,11,0.194
com.fasterxml.jackson.databind.introspect.AnnotationCollector,192,0.194
com.fasterxml.jackson.databind.cfg.MapperConfig,343,0.194
com.fasterxml.jackson.databind.cfg.MapperConfig,351,0.194
com.fasterxml.jackson.databind.introspect.BasicBeanDescription,232,0.193
com.fasterxml.jackson.databind.cfg.MapperConfig,312,0.193
com.fasterxml.jackson.databind.JavaType,352,0.193
com.fasterxml.jackson.databind.introspect.BasicClassIntrospector,247,0.193
com.fasterxml.jackson.databind.introspect.BasicClassIntrospector,248,0.193
com.fasterxml.jackson.databind.cfg.MapperConfig,230,0.193
com.fasterxml.jackson.databind.cfg.BaseSettings,374,0.193
com.fasterxml.jackson.databind.util.ArrayIterator,23,0.193
com.fasterxml.jackson.databind.util.ArrayIterator,34,0.193
com.fasterxml.jackson.databind.type.TypeFactory,734,0.192
com.fasterxml.jackson.databind.introspect.AnnotatedClass,254,0.192
com.fasterxml.jackson.databind.AnnotationIntrospector,1544,0.192
com.fasterxml.jackson.databind.type.TypeFactory,1405,0.192
com.fasterxml.jackson.databind.ObjectReader,391,0.192
com.fasterxml.jackson.core.JsonStreamContext,118,0.192
com.fasterxml.jackson.databind.type.TypeFactory,1373,0.192
com.fasterxml.jackson.databind.type.TypeFactory,1375,0.192
com.fasterxml.jackson.databind.type.TypeFactory,1399,0.192
com.fasterxml.jackson.databind.type.TypeFactory,1404,0.192
com.fasterxml.jackson.databind.cfg.MapperConfig,241,0.191
com.fasterxml.jackson.databind.cfg.BaseSettings,378,0.191
com.fasterxml.jackson.databind.type.TypeFactory,1345,0.191
com.fasterxml.jackson.databind.type.TypeFactory,1431,0.191
com.fasterxml.jackson.databind.type.TypeFactory,1432,0.191
com.fasterxml.jackson.databind.cfg.MapperConfig,240,0.191
com.fasterxml.jackson.databind.cfg.MapperConfig,300,0.191
com.fasterxml.jackson.databind.cfg.BaseSettings,390,0.191
com.fasterxml.jackson.databind.cfg.MapperConfigBase,599,0.191
com.fasterxml.jackson.databind.cfg.MapperConfigBase,604,0.191
com.fasterxml.jackson.databind.JavaType,302,0.19
com.fasterxml.jackson.databind.util.ClassUtil,1012,0.19
com.fasterxml.jackson.databind.deser.std.StdDeserializer,1431,0.19
com.fasterxml.jackson.databind.JsonMappingException,526,0.189
com.fasterxml.jackson.databind.cfg.MapperConfig,145,0.189
com.fasterxml.jackson.databind.MapperFeature,591,0.189
com.fasterxml.jackson.databind.JavaType,228,0.189
com.fasterxml.jackson.databind.JavaType,590,0.189
com.fasterxml.jackson.databind.type.SimpleType,246,0.188
com.fasterxml.jackson.databind.JavaType,388,0.188
com.fasterxml.jackson.databind.util.LRUMap,73,0.188
com.fasterxml.jackson.databind.deser.std.StdDeserializer,99,0.188
com.fasterxml.jackson.databind.ObjectReader,1099,0.188
com.fasterxml.jackson.databind.ObjectReader,1100,0.188
com.fasterxml.jackson.databind.deser.BeanDeserializerBase,1412,0.188
com.fasterxml.jackson.databind.DeserializationContext,1202,0.188
com.fasterxml.jackson.databind.DeserializationContext,1203,0.188
com.fasterxml.jackson.databind.DeserializationContext,1204,0.188
com.fasterxml.jackson.core.JsonLocation,178,0.188
com.fasterxml.jackson.core.JsonLocation,179,0.188
com.fasterxml.jackson.databind.ObjectReader,1487,0.188
com.fasterxml.jackson.databind.ObjectReader,1491,0.188
com.fasterxml.jackson.core.base.ParserMinimalBase,186,0.187
com.fasterxml.jackson.databind.introspect.BasicClassIntrospector,258,0.185
com.fasterxml.jackson.databind.ObjectReader,2126,0.185
com.fasterxml.jackson.databind.util.ClassUtil,1142,0.184
com.fasterxml.jackson.databind.util.ClassUtil,1143,0.184
com.fasterxml.jackson.databind.ObjectReader,2030,0.184
com.fasterxml.jackson.databind.ObjectReader,2033,0.184
com.fasterxml.jackson.databind.type.TypeFactory,1350,0.184
com.fasterxml.jackson.databind.type.TypeFactory,1433,0.184
com.fasterxml.jackson.databind.ObjectReader,2019,0.184
com.fasterxml.jackson.databind.ObjectReader,2022,0.184
com.fasterxml.jackson.databind.ObjectReader,2023,0.184
com.fasterxml.jackson.databind.ObjectReader,2024,0.184
com.fasterxml.jackson.databind.introspect.BasicBeanDescription,158,0.184
com.fasterxml.jackson.databind.introspect.BasicBeanDescription,159,0.184
com.fasterxml.jackson.databind.type.TypeFactory,1352,0.183
com.fasterxml.jackson.databind.type.TypeFactory,1351,0.183
com.fasterxml.jackson.databind.cfg.CoercionConfigs,218,0.182
com.fasterxml.jackson.databind.cfg.CoercionConfigs,223,0.182
com.fasterxml.jackson.databind.DeserializationConfig,796,0.181
com.fasterxml.jackson.databind.ObjectReader,347,0.181
com.fasterxml.jackson.databind.ObjectReader,353,0.181
com.fasterxml.jackson.databind.ObjectReader,354,0.181
com.fasterxml.jackson.databind.ObjectReader,355,0.181
com.fasterxml.jackson.databind.ObjectReader,356,0.181
com.fasterxml.jackson.databind.ObjectReader,362,0.181
com.fasterxml.jackson.databind.DeserializationConfig,787,0.181
com.fasterxml.jackson.databind.DeserializationConfig,790,0.181
com.fasterxml.jackson.databind.DeserializationConfig,793,0.181
com.fasterxml.jackson.databind.SerializerProvider,1510,0.181
com.fasterxml.jackson.databind.SerializerProvider,1517,0.181
com.fasterxml.jackson.databind.SerializerProvider,1518,0.181
com.fasterxml.jackson.databind.SerializerProvider,1527,0.181
com.fasterxml.jackson.databind.introspect.BasicBeanDescription,747,0.18
com.fasterxml.jackson.databind.introspect.BasicBeanDescription,746,0.18
com.fasterxml.jackson.core.type.ResolvedType,59,0.18
com.fasterxml.jackson.databind.JavaType,391,0.18
com.fasterxml.jackson.databind.JavaType,21,0.18
com.fasterxml.jackson.databind.ObjectReader,2245,0.18
com.fasterxml.jackson.databind.ObjectReader,2365,0.18
com.fasterxml.jackson.databind.ObjectReader,2368,0.18
com.fasterxml.jackson.databind.deser.BasicDeserializerFactory,1785,0.18
com.fasterxml.jackson.databind.deser.BasicDeserializerFactory,1786,0.18
com.fasterxml.jackson.databind.DeserializationContext,597,0.179
com.fasterxml.jackson.databind.DeserializationContext,598,0.179
com.fasterxml.jackson.databind.DeserializationContext,801,0.179
com.fasterxml.jackson.databind.DeserializationContext,593,0.179
com.fasterxml.jackson.databind.DeserializationContext,596,0.179
com.fasterxml.jackson.databind.DeserializationContext,793,0.179
com.fasterxml.jackson.databind.deser.DeserializerCache,151,0.179
com.fasterxml.jackson.databind.type.TypeFactory,1444,0.179
com.fasterxml.jackson.databind.deser.BasicDeserializerFactory,1776,0.179
com.fasterxml.jackson.databind.deser.BasicDeserializerFactory,1777,0.179
com.fasterxml.jackson.databind.deser.BasicDeserializerFactory,1778,0.179
com.fasterxml.jackson.databind.deser.BasicDeserializerFactory,1779,0.179
com.fasterxml.jackson.databind.deser.BasicDeserializerFactory,1783,0.179
com.fasterxml.jackson.databind.deser.BasicDeserializerFactory,1784,0.179
com.fasterxml.jackson.databind.DeserializationContext,603,0.179
com.fasterxml.jackson.databind.DeserializationContext,591,0.179
com.fasterxml.jackson.databind.deser.DeserializerCache,139,0.178
com.fasterxml.jackson.databind.deser.DeserializerCache,140,0.178
com.fasterxml.jackson.databind.deser.DeserializerCache,204,0.178
com.fasterxml.jackson.databind.deser.DeserializerCache,207,0.178
com.fasterxml.jackson.databind.deser.DeserializerCache,210,0.178
com.fasterxml.jackson.databind.deser.DeserializerCache,548,0.178
com.fasterxml.jackson.databind.deser.DeserializerCache,564,0.178
com.fasterxml.jackson.databind.deser.BasicDeserializerFactory,1787,0.178
com.fasterxml.jackson.core.json.ReaderBasedJsonParser,668,0.178
com.fasterxml.jackson.core.json.ReaderBasedJsonParser,673,0.178
com.fasterxml.jackson.core.json.ReaderBasedJsonParser,674,0.178
com.fasterxml.jackson.core.json.ReaderBasedJsonParser,677,0.178
com.fasterxml.jackson.core.json.ReaderBasedJsonParser,678,0.178
com.fasterxml.jackson.core.json.ReaderBasedJsonParser,2388,0.178
com.fasterxml.jackson.core.io.IOContext,277,0.178
com.fasterxml.jackson.core.io.IOContext,278,0.178
com.fasterxml.jackson.core.io.IOContext,279,0.178
com.fasterxml.jackson.core.io.IOContext,280,0.178
com.fasterxml.jackson.core.io.IOContext,282,0.178
com.fasterxml.jackson.core.sym.CharsToNameCanonicalizer,330,0.178
com.fasterxml.jackson.core.sym.CharsToNameCanonicalizer,393,0.178
com.fasterxml.jackson.core.json.ReaderBasedJsonParser,212,0.178
com.fasterxml.jackson.core.json.ReaderBasedJsonParser,218,0.178
com.fasterxml.jackson.core.json.ReaderBasedJsonParser,229,0.178
com.fasterxml.jackson.core.json.ReaderBasedJsonParser,231,0.178
com.fasterxml.jackson.core.json.ReaderBasedJsonParser,233,0.178
com.fasterxml.jackson.core.json.ReaderBasedJsonParser,234,0.178
com.fasterxml.jackson.core.json.ReaderBasedJsonParser,235,0.178
com.fasterxml.jackson.core.json.ReaderBasedJsonParser,236,0.178
com.fasterxml.jackson.core.json.ReaderBasedJsonParser,237,0.178
com.fasterxml.jackson.core.json.ReaderBasedJsonParser,240,0.178
com.fasterxml.jackson.core.sym.CharsToNameCanonicalizer,274,0.177
com.fasterxml.jackson.core.sym.CharsToNameCanonicalizer,319,0.177
com.fasterxml.jackson.core.sym.CharsToNameCanonicalizer,394,0.177
com.fasterxml.jackson.databind.type.TypeFactory,1438,0.177
com.fasterxml.jackson.databind.DeserializationContext,1079,0.177
com.fasterxml.jackson.databind.type.TypeFactory,1354,0.177
com.fasterxml.jackson.databind.type.TypeFactory,1437,0.177
com.fasterxml.jackson.databind.type.TypeFactory,1442,0.177
com.fasterxml.jackson.databind.type.TypeFactory,1443,0.177
com.fasterxml.jackson.databind.type.TypeBindings,257,0.177
com.fasterxml.jackson.core.base.ParserBase,368,0.177
com.fasterxml.jackson.core.base.ParserBase,370,0.177
com.fasterxml.jackson.core.base.ParserBase,371,0.177
com.fasterxml.jackson.core.base.ParserBase,373,0.177
com.fasterxml.jackson.core.base.ParserBase,377,0.177
com.fasterxml.jackson.core.base.ParserBase,378,0.177
com.fasterxml.jackson.core.base.ParserBase,380,0.177
com.fasterxml.jackson.core.base.ParserBase,473,0.177
com.fasterxml.jackson.core.base.ParserBase,474,0.177
com.fasterxml.jackson.core.base.ParserBase,475,0.177
com.fasterxml.jackson.core.base.ParserBase,479,0.177
com.fasterxml.jackson.databind.deser.DeserializerCache,349,0.177
com.fasterxml.jackson.databind.introspect.BasicBeanDescription,687,0.177
com.fasterxml.jackson.databind.cfg.DeserializerFactoryConfig,189,0.177
com.fasterxml.jackson.databind.deser.DeserializerCache,347,0.177
com.fasterxml.jackson.databind.deser.DeserializerCache,348,0.177
com.fasterxml.jackson.databind.deser.DeserializerCache,365,0.177
com.fasterxml.jackson.databind.deser.DeserializerCache,370,0.177
com.fasterxml.jackson.core.io.IOContext,134,0.177
com.fasterxml.jackson.core.JsonParser,361,0.177
com.fasterxml.jackson.core.json.JsonReadContext,118,0.177
com.fasterxml.jackson.databind.deser.DeserializerCache,143,0.177
com.fasterxml.jackson.databind.deser.DeserializerCache,247,0.177
com.fasterxml.jackson.databind.deser.DeserializerCache,269,0.177
com.fasterxml.jackson.databind.deser.DeserializerCache,270,0.177
com.fasterxml.jackson.databind.deser.DeserializerCache,277,0.177
com.fasterxml.jackson.databind.deser.DeserializerCache,291,0.177
com.fasterxml.jackson.databind.deser.DeserializerCache,296,0.177
com.fasterxml.jackson.databind.deser.DeserializerCache,299,0.177
com.fasterxml.jackson.databind.introspect.BasicBeanDescription,673,0.176
com.fasterxml.jackson.databind.introspect.JacksonAnnotationIntrospector,1137,0.176
com.fasterxml.jackson.databind.introspect.JacksonAnnotationIntrospector,1191,0.176
com.fasterxml.jackson.databind.introspect.JacksonAnnotationIntrospector,1192,0.176
com.fasterxml.jackson.databind.introspect.JacksonAnnotationIntrospector,1194,0.176
com.fasterxml.jackson.databind.introspect.JacksonAnnotationIntrospector,1197,0.176
com.fasterxml.jackson.databind.introspect.JacksonAnnotationIntrospector,1198,0.176
com.fasterxml.jackson.databind.introspect.JacksonAnnotationIntrospector,1212,0.176
com.fasterxml.jackson.databind.introspect.JacksonAnnotationIntrospector,1228,0.176
com.fasterxml.jackson.databind.introspect.JacksonAnnotationIntrospector,1229,0.176
com.fasterxml.jackson.databind.introspect.JacksonAnnotationIntrospector,1245,0.176
com.fasterxml.jackson.databind.deser.DeserializerCache,333,0.176
com.fasterxml.jackson.databind.deser.DeserializerCache,334,0.176
com.fasterxml.jackson.databind.deser.DeserializerCache,340,0.176
com.fasterxml.jackson.databind.deser.DeserializerCache,341,0.176
com.fasterxml.jackson.databind.deser.DeserializerCache,428,0.176
com.fasterxml.jackson.databind.deser.DeserializerCache,483,0.176
com.fasterxml.jackson.databind.deser.DeserializerCache,484,0.176
com.fasterxml.jackson.databind.deser.DeserializerCache,491,0.176
com.fasterxml.jackson.databind.deser.DeserializerCache,507,0.176
com.fasterxml.jackson.databind.deser.DeserializerCache,508,0.176
com.fasterxml.jackson.databind.deser.DeserializerCache,530,0.176
com.fasterxml.jackson.databind.deser.DeserializerCache,532,0.176
com.fasterxml.jackson.databind.introspect.JacksonAnnotationIntrospector,1129,0.176
com.fasterxml.jackson.databind.introspect.JacksonAnnotationIntrospector,1130,0.176
com.fasterxml.jackson.databind.deser.DeserializerCache,142,0.176
com.fasterxml.jackson.databind.deser.DeserializerCache,228,0.176
com.fasterxml.jackson.databind.deser.DeserializerCache,230,0.176
com.fasterxml.jackson.databind.deser.DeserializerCache,231,0.176
com.fasterxml.jackson.databind.deser.DeserializerCache,234,0.176
com.fasterxml.jackson.databind.deser.DeserializerCache,236,0.176
com.fasterxml.jackson.databind.deser.DeserializerCache,244,0.176
com.fasterxml.jackson.databind.deser.DeserializerCache,264,0.176
com.fasterxml.jackson.databind.deser.DeserializerCache,318,0.176
com.fasterxml.jackson.databind.deser.DeserializerCache,321,0.176
com.fasterxml.jackson.databind.deser.DeserializerCache,324,0.176
com.fasterxml.jackson.databind.deser.DeserializerCache,326,0.176
com.fasterxml.jackson.databind.deser.DeserializerCache,327,0.176
com.fasterxml.jackson.databind.deser.DeserializerCache,328,0.176
com.fasterxml.jackson.databind.deser.DeserializerCache,426,0.176
com.fasterxml.jackson.databind.deser.DeserializerCache,427,0.176
com.fasterxml.jackson.databind.DeserializationContext,285,0.176
com.fasterxml.jackson.databind.DeserializationContext,263,0.176
com.fasterxml.jackson.databind.introspect.BasicClassIntrospector,98,0.175
com.fasterxml.jackson.databind.introspect.BasicClassIntrospector,99,0.175
com.fasterxml.jackson.databind.introspect.BasicClassIntrospector,108,0.175
com.fasterxml.jackson.databind.introspect.BasicClassIntrospector,11,0.175
com.fasterxml.jackson.databind.DeserializationConfig,907,0.175
com.fasterxml.jackson.databind.ObjectReader,2331,0.175
com.fasterxml.jackson.databind.introspect.BasicClassIntrospector,289,0.175
com.fasterxml.jackson.databind.deser.DefaultDeserializationContext,413,0.175
com.fasterxml.jackson.core.util.TextBuffer,436,0.175
com.fasterxml.jackson.core.util.TextBuffer,438,0.175
com.fasterxml.jackson.core.util.TextBuffer,442,0.175
com.fasterxml.jackson.databind.DeserializationConfig,851,0.175
com.fasterxml.jackson.databind.ObjectReader,2281,0.175
com.fasterxml.jackson.databind.deser.std.StdDeserializer,200,0.174
com.fasterxml.jackson.databind.deser.std.StdDeserializer,201,0.174
com.fasterxml.jackson.databind.deser.std.StdDeserializer,203,0.174
com.fasterxml.jackson.databind.ser.std.DateTimeSerializerBase,68,0.174
com.fasterxml.jackson.databind.ser.std.DateTimeSerializerBase,210,0.174
com.fasterxml.jackson.databind.ObjectReader,2280,0.174
com.fasterxml.jackson.databind.type.TypeBindings,264,0.174
com.fasterxml.jackson.core.io.IOContext,228,0.173
com.fasterxml.jackson.core.io.IOContext,229,0.173
com.fasterxml.jackson.core.JsonFactory,534,0.173
com.fasterxml.jackson.core.JsonFactory,1165,0.173
com.fasterxml.jackson.core.JsonFactory,1166,0.173
com.fasterxml.jackson.core.JsonFactory,1167,0.173
com.fasterxml.jackson.core.JsonFactory,1168,0.173
com.fasterxml.jackson.core.JsonFactory,1702,0.173
com.fasterxml.jackson.core.JsonFactory,1703,0.173
com.fasterxml.jackson.databind.introspect.JacksonAnnotationIntrospector,641,0.173
com.fasterxml.jackson.databind.introspect.JacksonAnnotationIntrospector,639,0.173
com.fasterxml.jackson.databind.introspect.JacksonAnnotationIntrospector,640,0.173
com.fasterxml.jackson.databind.introspect.BasicClassIntrospector,183,0.173
com.fasterxml.jackson.databind.introspect.BasicClassIntrospector,184,0.173
com.fasterxml.jackson.databind.introspect.BasicClassIntrospector,186,0.173
com.fasterxml.jackson.databind.introspect.BasicClassIntrospector,187,0.173
com.fasterxml.jackson.databind.introspect.BasicClassIntrospector,309,0.173
com.fasterxml.jackson.databind.introspect.POJOPropertiesCollector,216,0.173
com.fasterxml.jackson.databind.introspect.POJOPropertiesCollector,220,0.173
com.fasterxml.jackson.databind.introspect.POJOPropertiesCollector,224,0.173
com.fasterxml.jackson.databind.introspect.POJOPropertiesCollector,376,0.173
com.fasterxml.jackson.databind.introspect.POJOPropertiesCollector,377,0.173
com.fasterxml.jackson.databind.introspect.POJOPropertiesCollector,380,0.173
com.fasterxml.jackson.databind.cfg.MapperConfig,252,0.173
com.fasterxml.jackson.databind.cfg.BaseSettings,386,0.173
com.fasterxml.jackson.databind.introspect.BasicClassIntrospector,153,0.173
com.fasterxml.jackson.databind.introspect.BasicClassIntrospector,154,0.173
com.fasterxml.jackson.databind.util.ClassUtil,291,0.173
com.fasterxml.jackson.databind.util.ClassUtil,292,0.173
com.fasterxml.jackson.databind.JavaType,319,0.173
com.fasterxml.jackson.core.JsonFactory,1158,0.173
com.fasterxml.jackson.core.JsonFactory,1160,0.173
com.fasterxml.jackson.databind.deser.DefaultDeserializationContext,322,0.173
com.fasterxml.jackson.core.json.ReaderBasedJsonParser,173,0.173
com.fasterxml.jackson.databind.introspect.BasicClassIntrospector,230,0.172
com.fasterxml.jackson.databind.introspect.DefaultAccessorNamingStrategy,428,0.172
com.fasterxml.jackson.databind.introspect.JacksonAnnotationIntrospector,364,0.172
com.fasterxml.jackson.databind.introspect.JacksonAnnotationIntrospector,365,0.172
com.fasterxml.jackson.databind.ObjectReader,931,0.172
com.fasterxml.jackson.databind.cfg.MapperConfigBase,717,0.172
com.fasterxml.jackson.databind.cfg.MapperConfigBase,718,0.172
com.fasterxml.jackson.databind.cfg.MapperConfigBase,719,0.172
com.fasterxml.jackson.databind.cfg.MapperConfigBase,720,0.172
com.fasterxml.jackson.databind.cfg.MapperConfigBase,722,0.172
com.fasterxml.jackson.databind.cfg.MapperConfigBase,723,0.172
com.fasterxml.jackson.databind.cfg.MapperConfigBase,726,0.172
com.fasterxml.jackson.databind.DeserializationConfig,815,0.172
com.fasterxml.jackson.databind.cfg.MapperConfigBase,691,0.172
com.fasterxml.jackson.databind.cfg.MapperConfigBase,694,0.172
com.fasterxml.jackson.databind.cfg.MapperConfigBase,711,0.172
com.fasterxml.jackson.databind.cfg.ConfigOverrides,196,0.172
com.fasterxml.jackson.databind.ObjectReader,2335,0.172
com.fasterxml.jackson.databind.ObjectReader,2336,0.172
com.fasterxml.jackson.databind.DeserializationFeature,510,0.172
com.fasterxml.jackson.core.json.ReaderBasedJsonParser,685,0.172
com.fasterxml.jackson.core.json.ReaderBasedJsonParser,688,0.172
com.fasterxml.jackson.core.json.ReaderBasedJsonParser,694,0.172
com.fasterxml.jackson.core.json.ReaderBasedJsonParser,709,0.172
com.fasterxml.jackson.core.json.ReaderBasedJsonParser,710,0.172
com.fasterxml.jackson.core.json.ReaderBasedJsonParser,718,0.172
com.fasterxml.jackson.core.json.ReaderBasedJsonParser,724,0.172
com.fasterxml.jackson.core.json.ReaderBasedJsonParser,785,0.172
com.fasterxml.jackson.core.json.ReaderBasedJsonParser,789,0.172
com.fasterxml.jackson.core.json.ReaderBasedJsonParser,790,0.172
com.fasterxml.jackson.core.json.ReaderBasedJsonParser,2859,0.172
com.fasterxml.jackson.core.json.ReaderBasedJsonParser,2860,0.172
com.fasterxml.jackson.core.json.ReaderBasedJsonParser,2861,0.172
com.fasterxml.jackson.core.json.ReaderBasedJsonParser,2862,0.172
com.fasterxml.jackson.core.json.ReaderBasedJsonParser,2863,0.172
com.fasterxml.jackson.core.json.ReaderBasedJsonParser,2393,0.172
com.fasterxml.jackson.core.json.ReaderBasedJsonParser,2394,0.172
com.fasterxml.jackson.databind.deser.std.EnumDeserializer,339,0.171
com.fasterxml.jackson.databind.deser.std.EnumDeserializer,340,0.171
com.fasterxml.jackson.core.json.JsonReadContext,200,0.171
com.fasterxml.jackson.core.json.JsonReadContext,201,0.171
com.fasterxml.jackson.databind.introspect.BasicClassIntrospector,288,0.171
com.fasterxml.jackson.databind.introspect.BasicClassIntrospector,305,0.171
com.fasterxml.jackson.databind.cfg.ConfigOverrides,121,0.171
com.fasterxml.jackson.databind.introspect.BasicClassIntrospector,278,0.171
com.fasterxml.jackson.databind.cfg.MapperConfigBase,786,0.17
com.fasterxml.jackson.databind.introspect.SimpleMixInResolver,92,0.17
com.fasterxml.jackson.databind.introspect.SimpleMixInResolver,93,0.17
com.fasterxml.jackson.databind.introspect.SimpleMixInResolver,96,0.17
com.fasterxml.jackson.databind.deser.DefaultDeserializationContext,321,0.17
com.fasterxml.jackson.databind.DeserializationContext,1061,0.17
com.fasterxml.jackson.databind.DeserializationContext,1062,0.17
com.fasterxml.jackson.databind.DeserializationContext,1063,0.17
com.fasterxml.jackson.databind.DeserializationContext,1849,0.17
com.fasterxml.jackson.databind.DeserializationContext,1850,0.17
com.fasterxml.jackson.databind.DeserializationContext,1851,0.17
com.fasterxml.jackson.databind.deser.DefaultDeserializationContext,318,0.17
com.fasterxml.jackson.databind.introspect.BasicClassIntrospector,317,0.17
com.fasterxml.jackson.databind.introspect.AnnotatedClassResolver,86,0.17
com.fasterxml.jackson.databind.cfg.MapperConfig,165,0.17
com.fasterxml.jackson.databind.type.SimpleType,218,0.169
com.fasterxml.jackson.databind.type.SimpleType,219,0.169
com.fasterxml.jackson.databind.type.SimpleType,221,0.169
com.fasterxml.jackson.databind.type.SimpleType,225,0.169
com.fasterxml.jackson.databind.type.SimpleType,236,0.169
com.fasterxml.jackson.databind.JavaType,265,0.169
com.fasterxml.jackson.databind.DeserializationConfig,808,0.168
com.fasterxml.jackson.databind.DeserializationConfig,811,0.168
com.fasterxml.jackson.databind.introspect.AnnotatedClassResolver,246,0.167
com.fasterxml.jackson.databind.introspect.AnnotatedClassResolver,247,0.167
com.fasterxml.jackson.databind.util.ClassUtil,1198,0.167
com.fasterxml.jackson.databind.introspect.AnnotatedClassResolver,298,0.167
com.fasterxml.jackson.databind.introspect.AnnotatedClassResolver,299,0.167
com.fasterxml.jackson.databind.introspect.AnnotatedClassResolver,309,0.167
com.fasterxml.jackson.databind.deser.DeserializerCache,373,0.167
com.fasterxml.jackson.databind.util.ClassUtil,299,0.167
com.fasterxml.jackson.core.JsonToken,217,0.167
com.fasterxml.jackson.databind.introspect.AnnotatedClassResolver,270,0.166
com.fasterxml.jackson.databind.introspect.AnnotatedClassResolver,271,0.166
com.fasterxml.jackson.databind.introspect.AnnotatedClassResolver,279,0.166
com.fasterxml.jackson.databind.introspect.AnnotatedClassResolver,292,0.166
com.fasterxml.jackson.databind.introspect.AnnotatedClassResolver,140,0.166
com.fasterxml.jackson.databind.introspect.AnnotatedClassResolver,162,0.166
com.fasterxml.jackson.databind.introspect.AnnotatedClassResolver,165,0.166
com.fasterxml.jackson.databind.introspect.AnnotatedClassResolver,168,0.166
com.fasterxml.jackson.databind.introspect.AnnotatedClassResolver,174,0.166
com.fasterxml.jackson.databind.introspect.AnnotatedClassResolver,177,0.166
com.fasterxml.jackson.databind.introspect.AnnotatedClassResolver,178,0.166
com.fasterxml.jackson.databind.introspect.AnnotatedClassResolver,181,0.166
com.fasterxml.jackson.databind.util.ClassUtil,1201,0.166
com.fasterxml.jackson.databind.type.TypeBase,119,0.166
com.fasterxml.jackson.databind.type.TypeBase,117,0.166
com.fasterxml.jackson.databind.introspect.JacksonAnnotationIntrospector,1328,0.166
com.fasterxml.jackson.databind.type.TypeBase,114,0.166
com.fasterxml.jackson.databind.introspect.AnnotatedClassResolver,89,0.166
com.fasterxml.jackson.databind.introspect.AnnotatedClassResolver,135,0.166
com.fasterxml.jackson.databind.introspect.AnnotatedClassResolver,136,0.166
com.fasterxml.jackson.databind.introspect.AnnotatedClassResolver,137,0.166
com.fasterxml.jackson.databind.introspect.AnnotatedClassResolver,144,0.166
com.fasterxml.jackson.databind.introspect.AnnotatedClassResolver,145,0.166
com.fasterxml.jackson.databind.introspect.AnnotatedClassResolver,146,0.166
com.fasterxml.jackson.databind.JavaType,289,0.166
com.fasterxml.jackson.databind.JavaType,323,0.166
com.fasterxml.jackson.databind.type.TypeBase,109,0.166
com.fasterxml.jackson.databind.introspect.AnnotationCollector,70,0.166
com.fasterxml.jackson.databind.introspect.AnnotatedClassResolver,229,0.165
com.fasterxml.jackson.databind.introspect.AnnotatedClassResolver,234,0.165
com.fasterxml.jackson.databind.introspect.AnnotatedClassResolver,238,0.165
com.fasterxml.jackson.databind.introspect.AnnotatedClassResolver,240,0.165
com.fasterxml.jackson.databind.introspect.AnnotatedClassResolver,245,0.165
com.fasterxml.jackson.databind.introspect.AnnotatedClassResolver,251,0.165
com.fasterxml.jackson.databind.introspect.AnnotatedClassResolver,269,0.165
com.fasterxml.jackson.databind.introspect.AnnotatedClassResolver,273,0.165
com.fasterxml.jackson.databind.introspect.AnnotatedClassResolver,225,0.165
com.fasterxml.jackson.databind.introspect.AnnotationCollector,32,0.165
com.fasterxml.jackson.databind.JavaType,236,0.165
com.fasterxml.jackson.databind.type.TypeBase,88,0.165
com.fasterxml.jackson.databind.cfg.ConfigOverrides,122,0.165
com.fasterxml.jackson.databind.ObjectMapper,1375,0.165
com.fasterxml.jackson.databind.introspect.AnnotatedClassResolver,166,0.165
com.fasterxml.jackson.databind.introspect.AnnotatedClassResolver,179,0.165
com.fasterxml.jackson.core.json.ReaderBasedJsonParser,2395,0.164
com.fasterxml.jackson.core.json.ReaderBasedJsonParser,2399,0.164
com.fasterxml.jackson.core.util.TextBuffer,471,0.164
com.fasterxml.jackson.databind.type.TypeBase,69,0.164
com.fasterxml.jackson.databind.type.TypeBase,70,0.164
com.fasterxml.jackson.databind.type.TypeBase,71,0.164
com.fasterxml.jackson.databind.type.TypeBase,73,0.164
com.fasterxml.jackson.databind.util.CompactStringObjectMap,149,0.164
com.fasterxml.jackson.databind.util.CompactStringObjectMap,150,0.164
com.fasterxml.jackson.databind.util.CompactStringObjectMap,151,0.164
com.fasterxml.jackson.databind.util.CompactStringObjectMap,152,0.164
com.fasterxml.jackson.databind.util.CompactStringObjectMap,153,0.164
com.fasterxml.jackson.databind.util.CompactStringObjectMap,154,0.164
com.fasterxml.jackson.databind.util.CompactStringObjectMap,157,0.164
com.fasterxml.jackson.databind.introspect.BasicClassIntrospector,274,0.163
com.fasterxml.jackson.databind.cfg.MapperConfigBase,652,0.163
com.fasterxml.jackson.databind.cfg.ConfigOverrides,149,0.163
com.fasterxml.jackson.databind.introspect.BasicBeanDescription,674,0.163
com.fasterxml.jackson.databind.introspect.JacksonAnnotationIntrospector,1283,0.163
com.fasterxml.jackson.databind.introspect.JacksonAnnotationIntrospector,1284,0.163
com.fasterxml.jackson.databind.deser.SettableBeanProperty,342,0.163
com.fasterxml.jackson.databind.deser.std.FromStringDeserializer,190,0.163
com.fasterxml.jackson.databind.cfg.DeserializerFactoryConfig,182,0.162
com.fasterxml.jackson.databind.introspect.JacksonAnnotationIntrospector,491,0.162
com.fasterxml.jackson.databind.introspect.JacksonAnnotationIntrospector,489,0.162
com.fasterxml.jackson.databind.introspect.JacksonAnnotationIntrospector,490,0.162
com.fasterxml.jackson.databind.JavaType,344,0.162
com.fasterxml.jackson.databind.introspect.JacksonAnnotationIntrospector,1325,0.162
com.fasterxml.jackson.databind.introspect.AnnotatedFieldCollector,133,0.161
com.fasterxml.jackson.databind.introspect.AnnotatedFieldCollector,134,0.161
com.fasterxml.jackson.databind.deser.DeserializerCache,411,0.161
com.fasterxml.jackson.databind.DatabindContext,423,0.161
com.fasterxml.jackson.databind.DatabindContext,426,0.161
com.fasterxml.jackson.databind.DatabindContext,427,0.161
com.fasterxml.jackson.databind.DatabindContext,436,0.161
com.fasterxml.jackson.databind.DatabindContext,440,0.161
com.fasterxml.jackson.databind.introspect.AnnotatedFieldCollector,75,0.161
com.fasterxml.jackson.databind.introspect.AnnotatedFieldCollector,128,0.161
com.fasterxml.jackson.databind.deser.DeserializerCache,408,0.161
com.fasterxml.jackson.databind.introspect.CollectorBase,37,0.161
com.fasterxml.jackson.databind.introspect.CollectorBase,44,0.161
com.fasterxml.jackson.databind.introspect.AnnotationMap,70,0.161
com.fasterxml.jackson.databind.cfg.ConfigOverrides,161,0.16
com.fasterxml.jackson.databind.cfg.ConfigOverrides,162,0.16
com.fasterxml.jackson.databind.introspect.JacksonAnnotationIntrospector,1305,0.16
com.fasterxml.jackson.databind.introspect.JacksonAnnotationIntrospector,1306,0.16
com.fasterxml.jackson.databind.introspect.JacksonAnnotationIntrospector,1307,0.16
com.fasterxml.jackson.databind.introspect.JacksonAnnotationIntrospector,1316,0.16
com.fasterxml.jackson.databind.introspect.JacksonAnnotationIntrospector,1317,0.16
com.fasterxml.jackson.annotation.JsonFormat,531,0.16
com.fasterxml.jackson.annotation.JsonFormat,403,0.16
com.fasterxml.jackson.databind.introspect.AnnotatedMember,101,0.16
com.fasterxml.jackson.databind.introspect.AnnotatedMember,104,0.16
com.fasterxml.jackson.databind.introspect.AnnotationMap,63,0.16
com.fasterxml.jackson.databind.AnnotationIntrospector,1582,0.16
com.fasterxml.jackson.databind.introspect.JacksonAnnotationIntrospector,1170,0.16
com.fasterxml.jackson.databind.introspect.JacksonAnnotationIntrospector,1171,0.16
com.fasterxml.jackson.annotation.JsonFormat,396,0.16
com.fasterxml.jackson.annotation.JsonFormat,397,0.16
com.fasterxml.jackson.annotation.JsonFormat,400,0.16
com.fasterxml.jackson.annotation.JsonFormat,811,0.16
com.fasterxml.jackson.databind.introspect.BasicBeanDescription,690,0.158
com.fasterxml.jackson.databind.introspect.JacksonAnnotationIntrospector,376,0.158
com.fasterxml.jackson.databind.introspect.JacksonAnnotationIntrospector,377,0.158
com.fasterxml.jackson.databind.introspect.JacksonAnnotationIntrospector,1455,0.158
com.fasterxml.jackson.databind.introspect.JacksonAnnotationIntrospector,1468,0.158
com.fasterxml.jackson.databind.deser.std.EnumDeserializer,353,0.158
com.fasterxml.jackson.databind.introspect.POJOPropertiesCollector,612,0.157
com.fasterxml.jackson.databind.introspect.POJOPropertiesCollector,620,0.157
com.fasterxml.jackson.databind.introspect.POJOPropertiesCollector,628,0.157
com.fasterxml.jackson.databind.ObjectMapper,4756,0.157
com.fasterxml.jackson.databind.ObjectMapper,4759,0.157
com.fasterxml.jackson.databind.introspect.POJOPropertiesCollector,426,0.157
com.fasterxml.jackson.databind.introspect.POJOPropertiesCollector,609,0.157
com.fasterxml.jackson.databind.introspect.JacksonAnnotationIntrospector,951,0.157
com.fasterxml.jackson.databind.introspect.AnnotatedMethodCollector,61,0.157
com.fasterxml.jackson.databind.introspect.AnnotatedMethodCollector,62,0.157
com.fasterxml.jackson.databind.introspect.AnnotatedCreatorCollector,78,0.157
com.fasterxml.jackson.databind.introspect.AnnotatedCreatorCollector,84,0.157
com.fasterxml.jackson.databind.introspect.AnnotatedCreatorCollector,89,0.157
com.fasterxml.jackson.databind.introspect.AnnotatedFieldCollector,69,0.156
com.fasterxml.jackson.databind.introspect.AnnotatedFieldCollector,71,0.156
com.fasterxml.jackson.databind.introspect.AnnotatedFieldCollector,73,0.156
com.fasterxml.jackson.databind.introspect.AnnotatedFieldCollector,91,0.156
com.fasterxml.jackson.databind.introspect.AnnotatedFieldCollector,97,0.156
com.fasterxml.jackson.databind.introspect.POJOPropertiesCollector,1241,0.156
com.fasterxml.jackson.databind.introspect.POJOPropertiesCollector,1286,0.156
com.fasterxml.jackson.databind.cfg.MapperConfig,247,0.156
com.fasterxml.jackson.databind.cfg.BaseSettings,382,0.156
com.fasterxml.jackson.databind.introspect.JacksonAnnotationIntrospector,344,0.156
com.fasterxml.jackson.databind.introspect.JacksonAnnotationIntrospector,345,0.156
com.fasterxml.jackson.databind.introspect.JacksonAnnotationIntrospector,935,0.156
com.fasterxml.jackson.databind.introspect.JacksonAnnotationIntrospector,936,0.156
com.fasterxml.jackson.databind.introspect.JacksonAnnotationIntrospector,941,0.156
com.fasterxml.jackson.databind.introspect.JacksonAnnotationIntrospector,945,0.156
com.fasterxml.jackson.databind.introspect.JacksonAnnotationIntrospector,948,0.156
com.fasterxml.jackson.databind.introspect.POJOPropertiesCollector,445,0.156
com.fasterxml.jackson.databind.introspect.POJOPropertiesCollector,451,0.156
com.fasterxml.jackson.databind.introspect.POJOPropertiesCollector,457,0.156
com.fasterxml.jackson.databind.introspect.POJOPropertiesCollector,458,0.156
com.fasterxml.jackson.databind.introspect.POJOPropertiesCollector,464,0.156
com.fasterxml.jackson.databind.introspect.POJOPropertiesCollector,469,0.156
com.fasterxml.jackson.databind.introspect.POJOPropertiesCollector,470,0.156
com.fasterxml.jackson.databind.introspect.POJOPropertiesCollector,471,0.156
com.fasterxml.jackson.databind.introspect.POJOPropertiesCollector,472,0.156
com.fasterxml.jackson.databind.introspect.POJOPropertiesCollector,832,0.156
com.fasterxml.jackson.databind.introspect.POJOPropertiesCollector,839,0.156
com.fasterxml.jackson.databind.introspect.POJOPropertiesCollector,1134,0.156
com.fasterxml.jackson.databind.introspect.POJOPropertiesCollector,1135,0.156
com.fasterxml.jackson.databind.introspect.POJOPropertiesCollector,1136,0.156
com.fasterxml.jackson.databind.introspect.POJOPropertiesCollector,1139,0.156
com.fasterxml.jackson.databind.introspect.POJOPropertiesCollector,1141,0.156
com.fasterxml.jackson.databind.introspect.POJOPropertiesCollector,1144,0.156
com.fasterxml.jackson.databind.introspect.POJOPropertiesCollector,1236,0.156
com.fasterxml.jackson.databind.introspect.POJOPropertiesCollector,1284,0.156
com.fasterxml.jackson.databind.introspect.POJOPropertiesCollector,1285,0.156
com.fasterxml.jackson.databind.introspect.AnnotatedClass,308,0.156
com.fasterxml.jackson.databind.introspect.POJOPropertiesCollector,418,0.156
com.fasterxml.jackson.databind.introspect.POJOPropertiesCollector,421,0.156
com.fasterxml.jackson.databind.introspect.POJOPropertiesCollector,422,0.156
com.fasterxml.jackson.databind.introspect.POJOPropertiesCollector,425,0.156
com.fasterxml.jackson.databind.introspect.POJOPropertiesCollector,431,0.156
com.fasterxml.jackson.databind.introspect.POJOPropertiesCollector,433,0.156
com.fasterxml.jackson.databind.introspect.POJOPropertiesCollector,436,0.156
com.fasterxml.jackson.databind.introspect.POJOPropertiesCollector,440,0.156
com.fasterxml.jackson.databind.introspect.POJOPropertiesCollector,485,0.156
com.fasterxml.jackson.databind.introspect.POJOPropertiesCollector,490,0.156
com.fasterxml.jackson.databind.introspect.POJOPropertiesCollector,491,0.156
com.fasterxml.jackson.databind.introspect.POJOPropertiesCollector,493,0.156
com.fasterxml.jackson.databind.introspect.POJOPropertiesCollector,601,0.156
com.fasterxml.jackson.databind.introspect.POJOPropertiesCollector,679,0.156
com.fasterxml.jackson.databind.introspect.POJOPropertiesCollector,699,0.156
com.fasterxml.jackson.databind.introspect.POJOPropertiesCollector,828,0.156
com.fasterxml.jackson.databind.introspect.POJOPropertiesCollector,890,0.156
com.fasterxml.jackson.databind.introspect.POJOPropertiesCollector,891,0.156
com.fasterxml.jackson.databind.introspect.POJOPropertiesCollector,914,0.156
com.fasterxml.jackson.databind.introspect.POJOPropertiesCollector,923,0.156
com.fasterxml.jackson.databind.introspect.POJOPropertiesCollector,924,0.156
com.fasterxml.jackson.databind.introspect.POJOPropertiesCollector,926,0.156
com.fasterxml.jackson.databind.introspect.POJOPropertiesCollector,933,0.156
com.fasterxml.jackson.databind.introspect.POJOPropertiesCollector,959,0.156
com.fasterxml.jackson.databind.introspect.POJOPropertiesCollector,960,0.156
com.fasterxml.jackson.databind.introspect.POJOPropertiesCollector,961,0.156
com.fasterxml.jackson.databind.introspect.POJOPropertiesCollector,998,0.156
com.fasterxml.jackson.databind.introspect.POJOPropertiesCollector,1025,0.156
com.fasterxml.jackson.databind.introspect.AnnotatedClass,315,0.156
com.fasterxml.jackson.databind.ext.Java7SupportImpl,29,0.156
com.fasterxml.jackson.databind.ext.Java7SupportImpl,30,0.156
com.fasterxml.jackson.databind.ext.Java7SupportImpl,33,0.156
com.fasterxml.jackson.databind.introspect.JacksonAnnotationIntrospector,400,0.156
com.fasterxml.jackson.databind.introspect.JacksonAnnotationIntrospector,1418,0.156
com.fasterxml.jackson.databind.introspect.JacksonAnnotationIntrospector,1419,0.156
com.fasterxml.jackson.databind.introspect.JacksonAnnotationIntrospector,1422,0.156
com.fasterxml.jackson.databind.introspect.JacksonAnnotationIntrospector,1423,0.156
com.fasterxml.jackson.databind.introspect.JacksonAnnotationIntrospector,1424,0.156
com.fasterxml.jackson.databind.introspect.JacksonAnnotationIntrospector,1428,0.156
com.fasterxml.jackson.databind.introspect.AnnotatedFieldCollector,42,0.156
com.fasterxml.jackson.databind.introspect.AnnotatedFieldCollector,43,0.156
com.fasterxml.jackson.databind.introspect.AnnotatedFieldCollector,48,0.156
com.fasterxml.jackson.databind.introspect.AnnotatedFieldCollector,49,0.156
com.fasterxml.jackson.databind.introspect.AnnotatedFieldCollector,65,0.156
com.fasterxml.jackson.databind.introspect.AnnotatedFieldCollector,66,0.156
com.fasterxml.jackson.databind.introspect.AnnotatedFieldCollector,67,0.156
com.fasterxml.jackson.databind.introspect.AnnotatedClass,371,0.156
com.fasterxml.jackson.databind.introspect.AnnotatedClass,387,0.156
com.fasterxml.jackson.databind.introspect.AnnotatedMethodCollector,39,0.156
com.fasterxml.jackson.databind.introspect.AnnotatedMethodCollector,40,0.156
com.fasterxml.jackson.databind.introspect.AnnotatedMethodCollector,46,0.156
com.fasterxml.jackson.databind.introspect.AnnotatedMethodCollector,49,0.156
com.fasterxml.jackson.databind.introspect.AnnotatedMethodCollector,52,0.156
com.fasterxml.jackson.databind.introspect.AnnotatedMethodCollector,59,0.156
com.fasterxml.jackson.databind.introspect.AnnotatedMethodCollector,60,0.156
com.fasterxml.jackson.databind.introspect.AnnotatedMethodCollector,72,0.156
com.fasterxml.jackson.databind.introspect.AnnotatedMethodCollector,93,0.156
com.fasterxml.jackson.databind.introspect.AnnotatedMethodCollector,110,0.156
com.fasterxml.jackson.databind.introspect.AnnotatedMethodCollector,113,0.156
com.fasterxml.jackson.databind.introspect.AnnotatedMethodCollector,117,0.156
com.fasterxml.jackson.databind.introspect.AnnotatedMethodCollector,150,0.156
com.fasterxml.jackson.databind.introspect.BasicClassIntrospector,104,0.156
com.fasterxml.jackson.databind.introspect.BasicBeanDescription,139,0.156
com.fasterxml.jackson.databind.introspect.AnnotatedCreatorCollector,57,0.156
com.fasterxml.jackson.databind.introspect.AnnotatedCreatorCollector,60,0.156
com.fasterxml.jackson.databind.introspect.AnnotatedCreatorCollector,61,0.156
com.fasterxml.jackson.databind.introspect.AnnotatedCreatorCollector,70,0.156
com.fasterxml.jackson.databind.introspect.AnnotatedCreatorCollector,71,0.156
com.fasterxml.jackson.databind.introspect.AnnotatedCreatorCollector,77,0.156
com.fasterxml.jackson.databind.introspect.AnnotatedCreatorCollector,95,0.156
com.fasterxml.jackson.databind.introspect.AnnotatedCreatorCollector,106,0.156
com.fasterxml.jackson.databind.introspect.AnnotatedCreatorCollector,107,0.156
com.fasterxml.jackson.databind.introspect.AnnotatedCreatorCollector,114,0.156
com.fasterxml.jackson.databind.introspect.AnnotatedCreatorCollector,132,0.156
com.fasterxml.jackson.databind.introspect.AnnotatedCreatorCollector,194,0.156
com.fasterxml.jackson.databind.introspect.AnnotatedCreatorCollector,197,0.156
com.fasterxml.jackson.databind.introspect.AnnotatedCreatorCollector,209,0.156
com.fasterxml.jackson.databind.introspect.AnnotatedMethodMap,54,0.156
com.fasterxml.jackson.databind.introspect.AnnotatedClass,327,0.156
com.fasterxml.jackson.databind.introspect.AnnotatedClass,398,0.156
com.fasterxml.jackson.databind.introspect.AnnotatedClass,399,0.156
com.fasterxml.jackson.databind.introspect.AnnotatedClass,400,0.156
com.fasterxml.jackson.databind.introspect.AnnotatedClass,403,0.156
com.fasterxml.jackson.databind.introspect.AnnotatedClass,407,0.156
com.fasterxml.jackson.databind.introspect.AnnotatedClass,409,0.156
com.fasterxml.jackson.databind.introspect.AnnotatedClass,343,0.156
com.fasterxml.jackson.databind.introspect.AnnotatedClass,365,0.156
com.fasterxml.jackson.databind.introspect.AnnotatedClass,366,0.156
com.fasterxml.jackson.databind.introspect.AnnotatedClass,368,0.156
com.fasterxml.jackson.databind.introspect.AnnotatedClass,374,0.156
com.fasterxml.jackson.databind.introspect.AnnotatedClass,376,0.156
com.fasterxml.jackson.databind.introspect.AnnotatedClass,380,0.156
com.fasterxml.jackson.databind.introspect.AnnotatedClass,381,0.156
com.fasterxml.jackson.databind.introspect.AnnotatedClass,384,0.156
com.fasterxml.jackson.databind.introspect.AnnotatedClass,392,0.156
com.fasterxml.jackson.databind.introspect.AnnotatedClass,394,0.156
com.fasterxml.jackson.databind.introspect.CollectorBase,25,0.156
com.fasterxml.jackson.databind.introspect.CollectorBase,26,0.156
com.fasterxml.jackson.databind.introspect.CollectorBase,33,0.156
com.fasterxml.jackson.databind.introspect.AnnotatedClass,351,0.155
com.fasterxml.jackson.databind.introspect.AnnotatedClass,352,0.155
com.fasterxml.jackson.databind.introspect.AnnotatedClass,353,0.155
com.fasterxml.jackson.databind.introspect.AnnotatedClass,355,0.155
com.fasterxml.jackson.databind.util.ClassUtil,1156,0.155
com.fasterxml.jackson.annotation.JsonAutoDetect,75,0.155
com.fasterxml.jackson.databind.introspect.AnnotatedMember,85,0.155
com.fasterxml.jackson.databind.introspect.AnnotatedMember,88,0.155
com.fasterxml.jackson.databind.introspect.AnnotationMap,40,0.155
com.fasterxml.jackson.databind.util.ClassUtil,1214,0.155
com.fasterxml.jackson.databind.introspect.BasicClassIntrospector,102,0.155
com.fasterxml.jackson.databind.introspect.BasicClassIntrospector,103,0.155
com.fasterxml.jackson.databind.cfg.CoercionConfigs,225,0.154
com.fasterxml.jackson.databind.introspect.POJOPropertiesCollector,1137,0.154
com.fasterxml.jackson.databind.deser.BasicDeserializerFactory,2081,0.154
com.fasterxml.jackson.databind.ext.OptionalHandlerFactory,221,0.154
com.fasterxml.jackson.databind.cfg.MapperConfig,188,0.154
com.fasterxml.jackson.databind.deser.BeanDeserializerFactory,111,0.154
com.fasterxml.jackson.databind.deser.BeanDeserializerFactory,119,0.154
com.fasterxml.jackson.databind.deser.BeanDeserializerFactory,130,0.154
com.fasterxml.jackson.databind.deser.BeanDeserializerFactory,131,0.154
com.fasterxml.jackson.databind.deser.BeanDeserializerFactory,182,0.154
com.fasterxml.jackson.databind.deser.BeanDeserializerFactory,184,0.154
com.fasterxml.jackson.databind.deser.BeanDeserializerFactory,191,0.154
com.fasterxml.jackson.databind.deser.BasicDeserializerFactory,2065,0.154
com.fasterxml.jackson.databind.deser.BasicDeserializerFactory,2067,0.154
com.fasterxml.jackson.databind.deser.BasicDeserializerFactory,2177,0.154
com.fasterxml.jackson.databind.JavaType,286,0.154
com.fasterxml.jackson.databind.introspect.BasicClassIntrospector,265,0.154
com.fasterxml.jackson.databind.introspect.BasicClassIntrospector,262,0.154
com.fasterxml.jackson.databind.deser.BeanDeserializerFactory,97,0.154
com.fasterxml.jackson.databind.deser.BeanDeserializerFactory,99,0.154
com.fasterxml.jackson.databind.deser.BeanDeserializerFactory,100,0.154
com.fasterxml.jackson.databind.deser.BasicDeserializerFactory,2171,0.154
com.fasterxml.jackson.databind.deser.DeserializerCache,414,0.154
com.fasterxml.jackson.databind.introspect.AnnotatedClass,234,0.153
com.fasterxml.jackson.databind.deser.BeanDeserializer,640,0.153
com.fasterxml.jackson.databind.deser.std.StdDeserializer,1370,0.153
com.fasterxml.jackson.databind.deser.std.StdDeserializer,1372,0.153
com.fasterxml.jackson.databind.deser.SettableBeanProperty,398,0.153
com.fasterxml.jackson.databind.deser.BeanDeserializer,1134,0.153
com.fasterxml.jackson.databind.deser.BeanDeserializer,1136,0.153
com.fasterxml.jackson.core.io.NumberInput,96,0.153
com.fasterxml.jackson.databind.ser.std.DateTimeSerializerBase,211,0.153
com.fasterxml.jackson.databind.ser.std.DateTimeSerializerBase,212,0.153
com.fasterxml.jackson.databind.SerializerProvider,1172,0.153
com.fasterxml.jackson.databind.SerializerProvider,1175,0.153
com.fasterxml.jackson.databind.SerializerProvider,1177,0.153
com.fasterxml.jackson.databind.deser.UnresolvedForwardReference,83,0.153
com.fasterxml.jackson.databind.deser.UnresolvedForwardReference,84,0.153
com.fasterxml.jackson.databind.deser.UnresolvedForwardReference,85,0.153
com.fasterxml.jackson.databind.node.JsonNodeFactory,113,0.153
com.fasterxml.jackson.databind.ObjectMapper,4626,0.153
com.fasterxml.jackson.databind.ObjectMapper,4644,0.153
com.fasterxml.jackson.databind.ser.std.CalendarSerializer,46,0.153
com.fasterxml.jackson.databind.ser.std.CalendarSerializer,47,0.153
com.fasterxml.jackson.databind.deser.std.StdDeserializer,1388,0.153
com.fasterxml.jackson.databind.deser.std.StdDeserializer,1389,0.153
com.fasterxml.jackson.core.JsonProcessingException,143,0.153
com.fasterxml.jackson.databind.deser.std.StdDeserializer,1498,0.153
com.fasterxml.jackson.databind.deser.std.StdDeserializer,1500,0.153
com.fasterxml.jackson.databind.introspect.AnnotationCollector,75,0.153
com.fasterxml.jackson.databind.ext.OptionalHandlerFactory,263,0.153
com.fasterxml.jackson.databind.PropertyName,158,0.153
com.fasterxml.jackson.databind.introspect.AnnotationMap,41,0.153
com.fasterxml.jackson.databind.introspect.BasicClassIntrospector,259,0.153
com.fasterxml.jackson.databind.type.TypeFactory,778,0.152
com.fasterxml.jackson.databind.ext.OptionalHandlerFactory,262,0.152
com.fasterxml.jackson.databind.introspect.AnnotatedFieldCollector,92,0.152
com.fasterxml.jackson.databind.introspect.AnnotatedFieldCollector,93,0.152
com.fasterxml.jackson.databind.introspect.JacksonAnnotationIntrospector,437,0.152
com.fasterxml.jackson.databind.introspect.JacksonAnnotationIntrospector,406,0.152
com.fasterxml.jackson.databind.introspect.JacksonAnnotationIntrospector,407,0.152
com.fasterxml.jackson.databind.introspect.JacksonAnnotationIntrospector,424,0.152
com.fasterxml.jackson.databind.introspect.JacksonAnnotationIntrospector,425,0.152
com.fasterxml.jackson.databind.introspect.JacksonAnnotationIntrospector,430,0.152
com.fasterxml.jackson.databind.introspect.JacksonAnnotationIntrospector,431,0.152
com.fasterxml.jackson.databind.introspect.JacksonAnnotationIntrospector,442,0.152
com.fasterxml.jackson.databind.introspect.JacksonAnnotationIntrospector,443,0.152
com.fasterxml.jackson.databind.introspect.POJOPropertiesCollector,532,0.152
com.fasterxml.jackson.databind.introspect.JacksonAnnotationIntrospector,559,0.152
com.fasterxml.jackson.databind.introspect.POJOPropertiesCollector,599,0.152
com.fasterxml.jackson.databind.introspect.POJOPropertiesCollector,600,0.152
com.fasterxml.jackson.databind.introspect.POJOPropertyBuilder,747,0.152
com.fasterxml.jackson.databind.introspect.POJOPropertyBuilder,748,0.152
com.fasterxml.jackson.databind.introspect.DefaultAccessorNamingStrategy,121,0.151
com.fasterxml.jackson.databind.introspect.POJOPropertiesCollector,511,0.151
com.fasterxml.jackson.databind.introspect.POJOPropertiesCollector,512,0.151
com.fasterxml.jackson.databind.introspect.POJOPropertiesCollector,513,0.151
com.fasterxml.jackson.databind.introspect.POJOPropertiesCollector,530,0.151
com.fasterxml.jackson.databind.introspect.POJOPropertiesCollector,531,0.151
com.fasterxml.jackson.databind.introspect.POJOPropertiesCollector,536,0.151
com.fasterxml.jackson.databind.introspect.POJOPropertiesCollector,537,0.151
com.fasterxml.jackson.databind.introspect.POJOPropertiesCollector,541,0.151
com.fasterxml.jackson.databind.introspect.POJOPropertiesCollector,545,0.151
com.fasterxml.jackson.databind.introspect.POJOPropertiesCollector,546,0.151
com.fasterxml.jackson.databind.introspect.POJOPropertiesCollector,555,0.151
com.fasterxml.jackson.databind.introspect.POJOPropertiesCollector,564,0.151
com.fasterxml.jackson.databind.introspect.POJOPropertiesCollector,565,0.151
com.fasterxml.jackson.databind.introspect.POJOPropertiesCollector,567,0.151
com.fasterxml.jackson.databind.introspect.POJOPropertiesCollector,572,0.151
com.fasterxml.jackson.databind.introspect.POJOPropertiesCollector,573,0.151
com.fasterxml.jackson.databind.introspect.POJOPropertiesCollector,577,0.151
com.fasterxml.jackson.databind.introspect.POJOPropertiesCollector,580,0.151
com.fasterxml.jackson.databind.introspect.AnnotatedField,68,0.151
com.fasterxml.jackson.databind.introspect.AnnotatedField,128,0.151
com.fasterxml.jackson.databind.introspect.JacksonAnnotationIntrospector,1333,0.151
com.fasterxml.jackson.databind.introspect.JacksonAnnotationIntrospector,1334,0.151

